﻿count,reg
36,경기도 의정부시
31,서울특별시 강남구
29,서울특별시 송파구
24,경상남도 김해시
23,서울특별시 중구
21,부산광역시 북구
21,경기도 용인시
21,부산광역시 해운대구
21,경기도 고양시
19,서울특별시 마포구
18,서울특별시 성동구
18,경기도 성남시
18,부산광역시 사상구
18,대구광역시 수성구
17,부산광역시 강서구
17,부산광역시 부산진구
17,인천광역시 서구
17,서울특별시 용산구
16,경기도 안산시
16,서울특별시 노원구
