학원명,법정동명,과목명,강사채용ID
정상어학원 성동분원,서울 성동구,영어,0
삼광학원,경기 의정부,영어,1
하이퍼리뷰학원,서울 강남구,국어,2
마테마타수학학원,경기 고양시,수학,3
유라영어학원,경기 광명시,영어,4
매쓰블릭수학학원,인천 부평구,수학,5
백선화수학학원,경기 성남시,수학,6
오세용 어학원,서울 송파구,영어,7
강한수학학원,경기 남양주,수학,8
나무아카데미,서울 강남구,국어,9
수학의힘 강동 본원,서울 강동구,영어,10
뉴욕센트럴영어학원,경기 김포시,영어,11
김정은 수학,서울 영등포,수학,12
엠케이수학,서울 강북구,영어,13
필탑학원,서울 구로구,수학,14
일공구오국어학원,서울 광진구,국어,15
황은영국어 2관,경기 화성시,국어,16
온새미로입시학원,경기 파주시,국어,17
아이필학원,인천 계양구,국어,18
대두수학학원,경기 성남시,국어,19
김샘수학&유베스타어학원,인천 연수구,영어,20
신수학영어학원,인천 남동구,영어,21
고대수학원,인천 연수구,수학,22
와이즈만영재교육 잠실센...,서울 송파구,수학,23
Julie 영어수학,서울 중랑구,영어,24
주식회사 교연학원/LFA키...,인천 서구,영어,25
탑 고려보습학원,서울 광진구,수학,26
강북 세일학원,서울 성북구,수학,27
채움학원,경기 부천시,영어,28
대학입시외국어학원,경기 시흥시,영어,29
sky미래연수학학원,서울 노원구,수학,30
대원학원,서울 양천구,수학,31
목동ILS,서울 양천구,영어,32
엘제이엠수학원,서울 양천구,수학,33
미래듀학원,인천 연수구,영어,34
수학보호구역,인천 서구,수학,35
(주)다원교육,서울 강남구,수학,36
선진수학보습학원,경기 부천시,수학,37
탑지성학원,경기 수원시,영어,38
관악뉴스터디,서울 관악구,수학,39
본수학전문학원,서울 구로구,수학,40
에스엠에듀,인천 남동구,수학,41
탑씨크리트 교육,충남 천안시,국어,42
CSJ영어학원,서울 강남구,영어,43
EiE비상매스캔학원,서울 강남구,영어,44
솔로몬 영재학원,인천 서구,영어,45
텔레오입시전문학원,서울 강남구,사회계열,46
정진학원,경기 수원시,수학,47
(주)매쓰홀릭,서울 서초구,수학,48
지앤비국제사관어학원,서울 은평구,영어,49
수타민 수학학원,인천 부평구,수학,50
청라 드림교육센터,인천 서구,영어,51
이엠학원,서울 동작구,수학,52
더완벽한수학학원,경기 김포시,수학,53
한강와이즈만영재교육학원,경기 김포시,수학,54
ILKI어학원,경기 남양주,영어,55
YBM 교육 어학원,경기 용인시,영어,56
유베스트학원,인천 서구,국어,57
동화세상 에듀코,서울 동대문,영어,58
그루영어,서울 서초구,영어,59
YBM교육,경기 구리시,영어,60
에듀코,서울 동대문,국어,61
센트럴1리딩클럽풍무학원,경기 김포시,영어,62
생각하는 황소 화정,경기 고양시,수학,63
청어람국어 입시학원,경기 부천시,국어,64
고대수학학원,서울 양천구,수학,65
오롬수학학원,경기 남양주,수학,66
맥영수전문학원,경기 화성시,수학,67
한수위국어학원,경기 화성시,국어,68
주식회사 포스에듀,경기 용인시,영어,69
전문가집단,서울 노원구,수학,70
스터디온학원,경기 화성시,수학,71
이산국어 논술 학원,경기 화성시,국어,72
종로엠스쿨학원,경기 오산시,수학,73
TNC수학원,서울 송파구,수학,74
미래인재학원,경기 양주시,영어,75
구조분석영어학원,서울 마포구,영어,76
김영화영어학원,경기 고양시,영어,77
유투엠수학학원,경기 광명시,수학,78
윤선생igse여주가남학원,경기 여주시,영어,79
김지민영어학원,서울 노원구,영어,80
탑클래스종합학원,인천 서구,수학,81
엠앤이학원,경기 안산시,수학,82
제이포커스잉글리쉬,서울 서초구,영어,83
프렌잉글리시 &차이랑 일...,경기 고양시,영어회화/텝스/토플,84
스카이(SKY)영수학원,부산 강서구,영어,85
진명학원,서울 관악구,수학,86
동화세상에듀코,서울 동대문,수학,87
(주)동화세상에듀코,대구 남구,방문학습지,88
제스(J.E.S)영어학원,서울 송파구,영어,89
파머스영어능동캠퍼스학원,경기 화성시,영어,90
TE MATH,충남 천안시,국어,91
이원수학학원,경기 광명시,수학,92
도봉 강태우어학원,서울 도봉구,국어,93
윤선생 IGSE,서울 동작구,영어,94
겨자씨의꿈,경기 고양시,국어,95
매스토크,서울 마포구,수학,96
자유자재학원 알파관,서울 노원구,수학,97
페르마수학학원 성북캠퍼...,서울 성북구,수학,98
세계로학원,서울 강서구,수학,99
대치스터디,서울 강남구,수학,100
더매쓰수학전문,서울 마포구,수학,101
개념폴리아학원 서초관,서울 서초구,수학,102
미래엔 사고력수학,경기 성남시,수학,103
공주쌤수학학원,서울 성북구,수학,104
엘리하이어학원,경기 용인시,영어,105
이엠학원,경기 안양시,영어,106
수학의시선,경기 안양시,수학,107
YBM잉글루,서울 노원구,수학,108
강서펜타곤학원,서울 강서구,수학,109
올인학원,인천 서구,영어,110
시매쓰 오산센터,경기 고양시,수학,111
핵수학보습학원,서울 송파구,수학,112
파워영재학원,서울 강남구,수학,113
프로매쓰(꽃피는수학),경기 용인시,수학,114
연세학원,경기 평택시,수학,115
비트영어학원,서울 노원구,영어,116
TS학원,경기 용인시,영어,117
수도보습학원,서울 금천구,영어,118
Summit 영어,경기 성남시,영어,119
제이엠아이수학학원,경기 성남시,수학,120
고석용현탑학원,서울 강남구,수학,121
지피지기학원,서울 영등포,수학,122
퀸즈어학원,인천 남동구,영어,123
게이트 영재센터,경기 용인시,수학,124
하이스트 금천,서울 금천구,국어,125
SM에듀,서울 강남구,수학,126
이지베스트학원,경기 고양시,수학,127
종로학원 하늘교육,경기 수원시,수학,128
국풍2000 석촌관,서울 송파구,국어,129
에스클래스영어전문학원,서울 서대문,영어,130
에스학원,서울 강남구,수학,131
성북종로학원,서울 성북구,국어,132
정현석 수학명가 학원,서울 송파구,수학,133
금오민족사관학원,경기 의정부,국어,134
보스턴영어수학학원,경기 고양시,수학,135
가온국악보습학원,서울 강남구,국어,136
PTM영수전문학원,인천 서구,수학,137
메사인재관학원,서울 강남구,수학,138
현수학전문학원,인천 서구,수학,139
메타어학원,경기 군포시,영어,140
밀당영어,서울 마포구,수학,141
윤선생IGSE아카데미양산가...,경남 양산시,수학,142
가온국어논술학원,서울 동대문,국어,143
생각하는황소광진학원,서울 광진구,수학,144
리딩타운어학원&셀파수학,인천 계양구,영어,145
비욘드잉글리쉬 송도랜드...,경기 부천시,영어,146
대치프라임학원,경기 시흥시,영어,147
글오우 융합독서 프로젝트...,경기 성남시,국어,148
토크스테이션,서울 광진구,상담직,149
시대인재교육,경기 안산시,영어,150
대치영어연구소,경기 성남시,영어,151
거산TOP수학학원,인천 부평구,수학,152
대한논리속독고덕학원,서울 강동구,국어,153
리한에듀영어학원,경기 오산시,영어,154
저스트원학원,인천 미추홀,수학,155
프리메카학원,인천 남동구,수학,156
오르다샘앤클래스광교학원,경기 수원시,수학,157
대방웰이스턴영어,서울 동작구,영어,158
에스알어학원,경기 성남시,영어,159
우리에듀,경기 파주시,영어,160
이신학원,경기 안양시,영어,161
성동뉴타운 소마학원,서울 성동구,수학,162
easy윤 수학영어,인천 부평구,영어,163
Real 수학학원,서울 서초구,수학,164
Alfa of Math,인천 연수구,수학,165
투스카이수학과학학원,인천 서구,수학,166
비오비에듀학원,경기 평택시,수학,167
킹스키즈어학원,경기 안산시,영어,168
정성학원,서울 성북구,영어,169
씨아이에듀입시학원,경기 안양시,국어,170
◈SD명문학원◈,경기 광명시,영어,171
운정 연솔학원,경기 파주시,수학,172
줄리킴영어학원,인천 연수구,영어,173
영매쓰수학학원,서울 강남구,수학,174
삼성영어화서화양학원,경기 수원시,영어,175
Study Factory,경기 하남시,영어,176
김정연에듀,경기 고양시,국어,177
지엘에스에듀,서울 강남구,영어,178
동백정철어학원,경기 용인시,영어,179
힘수학 동천지점,경기 용인시,수학,180
설연고학원,경기 용인시,수학,181
샤인학원,서울 양천구,국어,182
중앙학원,서울 광진구,영어,183
은 수학영어학원,경기 부천시,수학,184
한수위학원,경기 성남시,수학,185
뿌리깊은국어학원,부산 해운대,국어,186
메이저수학학원,서울 서초구,수학,187
지엔탑학원,경기 안양시,수학,188
비원에듀,인천 서구,영어,189
halo 헤일로수학과학학원,경기 안양시,수학,190
포레스픽 영어학원,서울 강서구,영어,191
육일수학학원,인천 남동구,수학,192
바른영어학원,인천 연수구,영어,193
팬더쌤영수전문학원,경기 의정부,수학,194
상상이상학원,세종 ,국어,195
이강학원,경기 수원시,수학,196
뮤엠영어세곡학원,서울 강남구,영어,197
the 막강학원,경기 고양시,영어,198
날개달기 국어,경기 고양시,국어,199
대치에스학원,서울 성북구,수학,200
강동하이레벨수학학원,서울 강동구,수학,201
동화세상에듀코 송파지사,서울 송파구,국어,202
코어에듀,서울 강남구,수학,203
(주) 서초아발론,서울 서초구,영어,204
인천원탑영수전문학원,인천 남동구,영어,205
Habit 9 어학원,서울 강남구,영어,206
CDC(Catholic Dreams & Ch...,서울 양천구,수학,207
서강영어학원,경기 성남시,영어,208
SAGE 영어학원,서울 동작구,영어,209
스카이 학원,경기 성남시,영어,210
더쎈학원,경기 김포시,수학,211
제이원에듀,제주 제주시,수학,212
미투스카이 수학전문학원,서울 강남구,수학,213
사이매쓰학원,경기 김포시,수학,214
이룸영어,서울 강남구,영어,215
일류학원,서울 중랑구,영어,216
더쎈영수학원,서울 특별시,영어,217
연세위너스학원,경기 고양시,수학,218
이상숙어학원,서울 성북구,영어,219
이도수학,인천 연수구,수학,220
루체테어학원 가재울캠퍼...,서울 서대문,영어,221
생각하는황소 동작학원,서울 동작구,수학,222
LUCY어학원,경기 용인시,영어,223
플랜에이수학학원,경기 의정부,수학,224
빌더스 인텐시브,경기 용인시,영어,225
G1230(양주점),경기 양주시,수학,226
에듀피아,인천 미추홀,영어,227
엠베스트SE 이산캠퍼스,경기 화성시,영어,228
아산올림피아드,충남 아산시,수학,229
쌤과통하는수학,서울 성동구,수학,230
멘토아카데미,서울 영등포,수학,231
아이엠지잉글리시,서울 은평구,수학,232
민병철주니어학원,서울 관악구,영어,233
The큰수학학원,서울 동대문,수학,234
파스칼학원,인천 서구,국어,235
유클리드 수학전문학원,대전 서구,수학,236
이지엠학원,서울 관악구,수학,237
해솔학원,서울 은평구,영어,238
하이클래스 입시학원,인천 서구,수학,239
알파영어,서울 은평구,영어,240
ELL학원,인천 남동구,영어,241
지티지 수학학원,경기 성남시,수학,242
math153수학학원,경기 부천시,수학,243
메리트수학학원,서울 강동구,수학,244
쑥쑥리더스영어학원,서울 구로구,영어,245
닥터수밀크잉글리쉬,경기 용인시,영어,246
도농 시매쓰,경기 남양주,수학,247
목동한맥프라임학원,서울 양천구,수학,248
앤써학원,경기 파주시,수학,249
(주)잇올,서울 서초구,국어,250
힘수학,경기 김포시,수학,251
삼성영어창일교실학원,서울 도봉구,영어,252
서울탑수학학원,경기 부천시,수학,253
유신해법학원,인천 남동구,영어,254
플랜에이수학,경기 성남시,수학,255
명문학원,경기 고양시,영어,256
연세이룸학원,서울 구로구,영어,257
마이러닝랩 입시학원,경기 성남시,국어,258
M2수학학원,경기 시흥시,수학,259
아발론랭콘광주태전어학원,경기 광주시,영어,260
여의도JS학원,서울 동작구,수학,261
다른학원,서울 강남구,국어,262
진아트잉글리쉬,서울 송파구,영어,263
연학원,서울 은평구,국어,264
웰 영수 전문학원,경기 김포시,영어,265
현앤장수학학원,경기 구리시,수학,266
스피드영어학원,인천 연수구,영어,267
개런티영어학원,경기 화성시,영어,268
위에듀어학원,서울 서초구,영어,269
뮤엠영어시드니캠퍼스,서울 양천구,수학,270
SAC잉글리시아이영어학원,인천 연수구,영어,271
유아감성놀이 리틀포레스...,경기 김포시,영어,272
FTK잉글리쉬,서울 강동구,영어,273
(주)종로학원하늘교육,서울 용산구,수학,274
리드N영어수학학원,경기 남양주,수학,275
지니리영어학원,경기 광명시,영어,276
FLA영어입시전문학원,인천 연수구,영어,277
다니엘 학원,경기 파주시,수학,278
신혜영,경기 성남시,수학,279
이앤서학원,경기 파주시,영어,280
백년나무교육,서울 강남구,수학,281
(주)건강한학습연구소,서울 구로구,국어,282
수학대장 방배캠퍼스,서울 서초구,수학,283
김동수학원,경기 파주시,수학,284
11월의혁명 영어전문학원,서울 양천구,영어,285
U2M감일캠퍼스,경기 하남시,수학,286
(주) 아이진로,서울 동작구,수학,287
쌤종합학원,경기 수원시,영어,288
(주)대치입시앤컨설팅학원,충남 천안시,수학,289
매씽에듀,서울 노원구,수학,290
류다현 수학전문학원,서울 양천구,수학,291
eie고려대국제어학원 원당,인천 서구,영어,292
GnB어학원 평내캠퍼스,경기 남양주,수학,293
무결학원,인천 서구,수학,294
주노영어,서울 동대문,영어,295
논산최강,충남 논산시,영어,296
올리고 영수학원,경기 안산시,영어,297
수리원 수학학원,서울 서초구,수학,298
lns수학학원,서울 도봉구,수학,299
미스터 밥 수학 학원,충남 아산시,수학,300
IELC어학원,인천 서구,영어,301
수학사이다학원,인천 남동구,수학,302
jk영재학원,서울 서초구,수학,303
청명학원,서울 강남구,과학계열,304
미래를 여는 창,경기 성남시,수학,305
대월아카데미,경기 안산시,영어,306
EduStone,제주 서귀포,영어,307
시그마베스트학원,서울 강남구,수학,308
현대해법영어보습학원,경기 부천시,영어,309
SNU 영수과 전문학원,인천 남동구,수학,310
대치학원,경기 수원시,국어,311
에이플러스,인천 서구,수학,312
국제어학원당산캠퍼스,서울 영등포,영어,313
권진희국어학원,대구 수성구,국어,314
삼성영어셀레나학원,서울 강동구,영어,315
미사중앙삼성영어&탑매쓰...,경기 하남시,영어,316
파이수학,서울 양천구,수학,317
재니 학원,경기 고양시,영어,318
시대인재디학원,서울 관악구,국어,319
와이키즈 마포센터,서울 마포구,수학,320
YBM ECC 마포서대문,서울 서대문,영어,321
박쌤학원,인천 부평구,영어,322
피앤케이학원,서울 강남구,수학,323
교원더퍼스트플래너스수학...,부산 부산진,수학,324
매쓰플랜수학전문학원,서울 노원구,수학,325
중앙학원,서울 서초구,수학,326
주식회사 와이디아카데미,서울 강서구,영어,327
모스트학원,서울 도봉구,수학,328
인사이트학원,경기 광주시,수학,329
(주)아인슈타인교육,서울 강남구,수학,330
수학사랑학원,경기 용인시,수학,331
JYP영어학원,서울 금천구,영어,332
행복한수학영어학원,대전 중구,수학,333
강남펜타스학원,서울 성북구,국어,334
수학몬스터대치학원,서울 강남구,수학,335
프랩학원,경기 파주시,수학,336
EIE 고려대국제어학원,경기 고양시,영어,337
멘토초중보습학원,경기 부천시,영어,338
행당시매쓰,서울 성동구,수학,339
웨스턴영어학원,서울 은평구,영어,340
홍수학영어입시학원,경기 부천시,수학,341
더존학원,서울 영등포,영어,342
ELI어학원,경기 용인시,영어,343
와이즈만 관악센터,서울 관악구,수학,344
맨투맨학원호원센터,경기 의정부,수학,345
강한학원,서울 동작구,수학,346
몬스터교육,경기 화성시,수학,347
문희영어학원,경기 남양주,영어,348
일로드수학학원,경기 수원시,수학,349
뉴스트학원,서울 광진구,영어,350
드림수학전문학원,경기 용인시,수학,351
BLAST어학원,경기 화성시,영어,352
LETS영어수학전문학원,경기 화성시,수학,353
청담클루빌영어학원,서울 양천구,영어,354
최고수보습학원,서울 노원구,수학,355
명인학원,대전 서구,수학,356
마이튜터,경기 수원시,수학,357
유어멘토학원,경기 수원시,수학,358
민락맨투맨학원,경기 의정부,국어,359
강남SK학원,서울 강남구,국어,360
대치학원,서울 구로구,영어,361
캐슬The오름수학,서울 강동구,수학,362
미래학원,경기 광주시,영어,363
공신수학학원,서울 강서구,영어,364
더블유 수학학원,서울 강동구,수학,365
이지스터디학원,서울 은평구,수학,366
티앤비영수전문학원,경기 안산시,수학,367
[중계]청담어학원,서울 노원구,영어,368
매쉬업 에듀케이션,경기 화성시,수학,369
일타수학학원,경기 김포시,수학,370
영어종결센터,경기 파주시,영어,371
잉글리시에그노원,서울 노원구,영어,372
동화세상에듀코,강원 춘천시,국어,373
수림수학학원,서울 강남구,수학,374
고려EIE 마석 송라 캠퍼스,경기 남양주,영어,375
VISION 컨설팅,서울 동대문,영어,376
APSUN앞선영어,경기 성남시,영어,377
이경직 입시국어 클리닉,경기 화성시,국어,378
정철어학원Jr 서창캠퍼스,인천 남동구,영어,379
오롬어학원,경기 남양주,영어,380
강의하는 아이들 백마캠퍼...,경기 고양시,수학,381
잉글리시버드,서울 마포구,영어,382
스터디백도씨학원,서울 강남구,수학,383
서대문페르마,서울 서대문,수학,384
정상수학,경기 군포시,수학,385
더나은학원,경기 수원시,수학,386
명석수학전문학원,서울 강남구,수학,387
"쿤 어학원, 쿤 수학학원",경기 화성시,수학,388
아이엘(IL)영어n수학보습...,서울 강동구,영어,389
정철영어주니어서산캠퍼스,충남 서산시,수학,390
BT수학학원,경기 남양주,수학,391
더 퍼스트 학원,경기 고양시,수학,392
생각하는수학플러스어학원,경기 광명시,수학,393
정철영어주니어동호어학원,대구 동구,영어,394
탑스카이학원,경기 이천시,영어,395
아발론동대문점,서울 동대문,영어,396
인피니트영수전문학원,부산 북구,수학,397
정왕냉정센수학윤선생시흥...,경기 시흥시,수학,398
수지에이프릴어학원,경기 용인시,영어,399
향남유투엠X로제타스톤학...,경기 화성시,수학,400
해법에듀학원,경기 성남시,수학,401
구정남수학전문학원,대구 달성군,수학,402
생각수학,경기 고양시,수학,403
수학공감학원,경기 수원시,수학,404
글로벌리더스어학원,대구 수성구,영어,405
행복한청명영어학원,경기 안양시,영어,406
공부자신감,경기 용인시,수학,407
세종학원,서울 강북구,영어,408
더오름학원,경기 화성시,수학,409
삼성영어해법수학이문학원,서울 동대문,수학,410
정철어학원 Jr.,인천 남동구,영어,411
JY 잉글리쉬아카데미,경기 용인시,영어,412
(주)동화세상에듀코,서울 마포구,국어,413
다마스쿠스 학원,서울 관악구,영어,414
현준쌤수학학원,경기 김포시,수학,415
역곡페르마보습학원,경기 부천시,수학,416
이엠스쿨학원,충북 청주시,수학,417
맨투맨영수학원,경기 안산시,수학,418
시대에듀,경기 하남시,수학,419
지앤조영수학원,경기 고양시,영어,420
이지피지영어,경기 성남시,영어,421
다다아카데미,서울 강동구,수학,422
엠리더스향남학원,경기 화성시,수학,423
바른학원,경기 광주시,영어,424
잉글리쉬무무고잔제5학습...,경기 안산시,영어,425
아이비츠학원,경기 수원시,영어,426
신사고영어보습학원,경기 부천시,영어,427
필과수수학과학학원,서울 도봉구,영어,428
The System 영수전문,경기 화성시,수학,429
배진영수전문학원,경기 평택시,영어,430
천종현사고력수학,서울 송파구,수학,431
제카영어학원,경기 용인시,영어,432
광수학,경기 고양시,수학,433
영어종결센터 소사벌학원,경기 평택시,영어,434
광명 소마사고력 수학학원,경기 광명시,수학,435
삼성영어 쎈수학 러닝센터...,경기 하남시,영어,436
후곡에듀플렉스학원,경기 고양시,자기주도/학습코칭,437
티엘수능입시학원,서울 서초구,수학,438
EIE 고려대 국제어학원 김...,경기 김포시,영어,439
하이영수학원,인천 부평구,영어,440
EKEDU(주),경기 성남시,영어,441
나랏말씀국어학원,서울 광진구,국어,442
영어종결센터 하안학원,경기 광명시,영어,443
이스턴어학원,경기 김포시,영어,444
서울에듀학원,경기 남양주,수학,445
소리영어수리수학,충북 청주시,영어,446
라온학원,경기 의정부,수학,447
더채움수학전문학원,서울 광진구,수학,448
블러썸영어학원,인천 연수구,영어,449
지노수학과학 학원,경기 하남시,수학,450
대치동토모수학,경기 성남시,수학,451
에벤학원,경기 화성시,수학,452
GnB영어전문학원(부평캠퍼...,인천 계양구,영어,453
양나무수학학원,경기 수원시,수학,454
신승환영어학원,경기 평택시,영어,455
서울탑텐 학습센터,제주 서귀포,수학,456
참된인재학원,경기 부천시,영어,457
이룸 국영수 학원,인천 계양구,국어,458
대한논리속독염창학원,서울 강서구,독서/논술,459
청운학원,경기 의정부,영어,460
더채움해법영어수학학원,인천 서구,수학,461
이현주어학원,서울 마포구,영어,462
갈매지앤비영어학원,경기 구리시,영어,463
차수학앤국풍2000학원,경기 시흥시,수학,464
춘천종로엠스쿨,강원 춘천시,수학,465
뱅크스리어학원,경기 군포시,영어,466
더웰학원,경기 수원시,수학,467
하이츠수학,서울 마포구,영어,468
TMS이룸수학학원,인천 연수구,수학,469
아이비프렙&아르케 아카데...,서울 종로구,영어,470
루시앤입시학원,대구 북구,영어,471
아이디어스 아카데미,서울 구로구,수학,472
한솔플라톤(한솔교육),서울 마포구,독서/논술,473
자호수학,경기 화성시,수학,474
프린스턴수학전문,경기 의정부,수학,475
제니스학원,부산 사하구,수학,476
삼성영어,인천 계양구,수학,477
한국영재교육센터수학학원,경기 성남시,수학,478
리즈멘토 스터디,경기 김포시,영어,479
일퍼센트수학원,경기 광주시,수학,480
평촌설연고학원,경기 안양시,수학,481
대성학원,인천 서구,수학,482
아이빅학원,경기 용인시,수학,483
평내카이로스 수학학원,경기 남양주,수학,484
수학의숲,서울 양천구,수학,485
해법독서논술 김주희국어,경기 성남시,국어,486
수만휘기숙학원본원,경기 안성시,수학,487
이스턴어학원,경기 김포시,영어,488
(주)막강수학,서울 강남구,수학,489
삼성영어 서울서북부지사,서울 마포구,수학,490
비투게더,경기 의정부,영어,491
성공의신화학원,경기 시흥시,국어,492
한정원수학영어학원,경기 남양주,수학,493
혜윰플러스학원,경기 화성시,영어,494
하이블영수학원,경기 용인시,수학,495
잉글리시아이 학원,경기 용인시,영어,496
메가스터디교육,서울 서초구,국어,497
뉴베리어학원,경남 진주시,영어,498
카이스트수학과학 학원,제주 서귀포,수학,499
뮤엠영어곤지암학원,경기 광주시,영어,500
아발론신도림어학원,서울 구로구,국어,501
김요안수학학원,서울 광진구,수학,502
헤일리학원,서울 서초구,영어,503
동화세상 에듀코,인천 부평구,자기주도/학습코칭,504
한솔영어수학학원,인천 남동구,수학,505
에모리 영어,서울 강남구,영어,506
맥스탑플러스입시학원,경기 부천시,수학,507
한수연수학전문학원,경기 여주시,수학,508
함쌤영어,경기 시흥시,영어,509
위례 에듀플렉스,경기 성남시,자기주도/학습코칭,510
더하이츠동탄학원,경기 화성시,영어,511
옳은(ORUN)영어,서울 동작구,영어,512
옥정대성N학원,경기 양주시,영어,513
와이즈만 영재교육 노원센...,서울 노원구,수학,514
메가스터디교육,서울 서초구,국어,515
신의수학,경기 화성시,수학,516
윤선생영어숲 가락보습학...,서울 송파구,영어,517
오르다샘앤플레이스,서울 양천구,수학,518
위너스올인학원,경기 시흥시,영어,519
연세SM학원,경기 의정부,영어,520
청람 학원,경기 화성시,영어,521
보라매유베스타어학원,서울 영등포,영어,522
생각하는황소,경기 화성시,수학,523
카르마학원,경기 안양시,수학,524
김홍학원,서울 관악구,영어,525
이티영어전문학원,광주 북구,영어,526
윤 수학학원,서울 은평구,수학,527
정선생영어전문학원,경기 수원시,영어,528
유클리드 수학학원,경기 시흥시,수학,529
바른적성,서울 강남구,수학,530
마에스트로 수학전문학원,경기 수원시,수학,531
정오수학학원,서울 마포구,수학,532
한뜻학원,경기 안산시,수학,533
루카스,경기 용인시,독서/논술,534
압구정한길국어학원,서울 강남구,국어,535
아나톨레수학영어학원,경기 남양주,영어,536
탑플러스보습,경기 부천시,수학,537
Herald Prime,경기 군포시,영어,538
문법의신,경기 용인시,영어,539
상상학원,부산 기장군,수학,540
정철어학원,경기 시흥시,영어,541
라플라스수학학원,경기 김포시,수학,542
세곡소마수학학원,서울 강남구,수학,543
(주)이씨엔교육,서울 강북구,국어,544
core english,부산 영도구,영어,545
애니스터디,경기 파주시,국어,546
BMG,서울 서초구,국어,547
엘에스이학원,경기 안양시,수학,548
하늘교육 남동에듀올지점,인천 남동구,수학,549
에버윈영어학원,경기 수원시,영어,550
서율학원,서울 서초구,국어,551
잉글리쉬무무학원,서울 동대문,수학,552
국영수디스터디,경기 군포시,국어,553
프라우드 리더스 영어학원,서울 송파구,영어,554
연세더탑학원,경기 남양주,수학,555
아이맥스학원,서울 영등포,영어,556
매쓰코어수학전문학원,경기 시흥시,수학,557
영통청담어학원 (주)나은,경기 수원시,영어,558
VEL영어학원,경기 성남시,영어,559
쎈수학 초중고전문학원,경기 부천시,수학,560
비상잉글리시아이 북위례...,경기 하남시,영어,561
(주) 뉴런 에듀,서울 성북구,영어,562
킴스에듀케어학원,경기 수원시,수학,563
팀수학,서울 강남구,수학,564
국어 하기 좋은 날,서울 양천구,국어,565
대성다수인학원,서울 강남구,수학,566
하이준,충남 아산시,수학,567
플라밍고 잉글리쉬,부산 남구,수학,568
수학의 봄날 수학학원,경기 안양시,수학,569
김포 채움 학원,경기 김포시,영어,570
이루다수학과학학원,경기 성남시,수학,571
정선수학전문학원,서울 송파구,수학,572
