,역번호,역사명,노선번호,노선명,환승역구분,환승노선번호,환승노선명,역위도,역경도,주소,시도코드,시군구코드,법정동코드,환승노선개수
0,0150,서울역,S1101,서울 도시철도 1호선,환승역,S1104+I4107,서울 도시철도 4호선+경의중앙선,37.55575305,126.9724563,서울특별시 중구,11,11020,1114000000,2
1,0151,시청,S1101,서울 도시철도 1호선,환승역,S1102,서울 도시철도 2호선,37.56471664,126.9767513,서울특별시 중구,11,11020,1114000000,1
2,0152,종각,S1101,서울 도시철도 1호선,일반역,,,37.57020349,126.9829483,서울특별시 종로구,11,11010,1111000000,0
3,0153,종로3가,S1101,서울 도시철도 1호선,환승역,S1103+S1105,서울 도시철도 3호선+서울 도시철도 5호선,37.57139366,126.9914115,서울특별시 종로구,11,11010,1111000000,2
4,0154,종로5가,S1101,서울 도시철도 1호선,일반역,,,37.57100685,127.001799,서울특별시 종로구,11,11010,1111000000,0
5,0155,동대문,S1101,서울 도시철도 1호선,환승역,S1104,서울 도시철도 4호선,37.57129132,127.0101189,서울특별시 종로구,11,11010,1111000000,1
6,0156,신설동,S1101,서울 도시철도 1호선,환승역,S1102,서울 도시철도 2호선+우이신설,37.57528723,127.0249104,서울특별시 동대문구,11,11060,1123000000,2
7,0157,제기동,S1101,서울 도시철도 1호선,일반역,,,37.57812027,127.0344966,서울특별시 동대문구,11,11060,1123000000,0
8,0158,청량리,S1101,서울 도시철도 1호선,환승역,I4105+I4107+I4109,분당선+경의중앙선+경춘선,37.5801441,127.0457768,서울특별시 동대문구,11,11060,1123000000,3
9,0159,동묘앞,S1101,서울 도시철도 1호선,환승역,S1106,서울 도시철도 6호선,37.57253741,127.0155932,서울특별시 종로구,11,11010,1111000000,1
10,0200,까치산,S1102,서울 도시철도 2호선,일반역,,,37.53168373,126.8467432,서울특별시 강서구,11,11160,1150000000,0
11,0201,시청,S1102,서울 도시철도 2호선,환승역,S1101,서울 도시철도 1호선,37.56461852,126.9760864,서울특별시 중구,11,11020,1114000000,1
12,0202,을지로입구,S1102,서울 도시철도 2호선,일반역,,,37.56597747,126.9825045,서울특별시 중구,11,11020,1114000000,0
13,0203,을지로3가,S1102,서울 도시철도 2호선,환승역,S1103,서울 도시철도 3호선,37.56634826,126.991482,서울특별시 중구,11,11020,1114000000,1
14,0204,을지로4가,S1102,서울 도시철도 2호선,환승역,S1105,서울 도시철도 5호선,37.56682797,126.9979016,서울특별시 중구,11,11020,1114000000,1
15,0205,동대문역사문화공원,S1102,서울 도시철도 2호선,환승역,S1104+S1105,서울 도시철도 4호선+서울 도시철도 5호선,37.56500251,127.007394,서울특별시 중구,11,11020,1114000000,2
16,0206,신당,S1102,서울 도시철도 2호선,환승역,S1106,서울 도시철도 6호선,37.56582912,127.0181023,서울특별시 중구,11,11020,1114000000,1
17,0207,상왕십리,S1102,서울 도시철도 2호선,일반역,,,37.56417104,127.0293524,서울특별시 성동구,11,11040,1120000000,0
18,0208,왕십리,S1102,서울 도시철도 2호선,환승역,S1105+I4105+I4107,서울 도시철도 5호선+분당선+경의중앙선,37.56152516,127.0375076,서울특별시 성동구,11,11040,1120000000,3
19,0209,한양대,S1102,서울 도시철도 2호선,일반역,,,37.55522179,127.0434917,서울특별시 성동구,11,11040,1120000000,0
20,0210,뚝섬,S1102,서울 도시철도 2호선,일반역,,,37.54712239,127.0473648,서울특별시 성동구,11,11040,1120000000,0
21,0211,성수,S1102,서울 도시철도 2호선,일반역,,,37.5444338,127.0559893,서울특별시 성동구,11,11040,1120000000,0
22,0212,건대입구,S1102,서울 도시철도 2호선,환승역,S1107,서울 도시철도 7호선,37.54060889,127.0700628,서울특별시 광진구,11,11050,1121500000,1
23,0213,구의,S1102,서울 도시철도 2호선,일반역,,,37.53691864,127.0857297,서울특별시 광진구,11,11050,1121500000,0
24,0214,강변,S1102,서울 도시철도 2호선,일반역,,,37.53487706,127.0946944,서울특별시 광진구,11,11050,1121500000,0
25,0215,잠실나루,S1102,서울 도시철도 2호선,일반역,,,37.52054808,127.1036977,서울특별시 송파구,11,11240,1171000000,0
26,0216,잠실,S1102,서울 도시철도 2호선,환승역,S1108,서울 도시철도 8호선,37.51376934,127.1021882,서울특별시 송파구,11,11240,1171000000,1
27,0217,잠실새내,S1102,서울 도시철도 2호선,일반역,,,37.51141143,127.0860068,서울특별시 송파구,11,11240,1171000000,0
28,0218,종합운동장,S1102,서울 도시철도 2호선,환승역,S1109,서울 도시철도 9호선,37.51106095,127.073542,서울특별시 송파구,11,11240,1171000000,1
29,0219,삼성,S1102,서울 도시철도 2호선,일반역,,,37.5086936,127.063165,서울특별시 강남구,11,11230,1168000000,0
30,0220,선릉,S1102,서울 도시철도 2호선,환승역,I4105,분당선,37.50437895,127.0486966,서울특별시 강남구,11,11230,1168000000,1
31,0221,역삼,S1102,서울 도시철도 2호선,일반역,,,37.50054496,127.0363944,서울특별시 강남구,11,11230,1168000000,0
32,0222,강남,S1102,서울 도시철도 2호선,환승역,I1102,신분당선,37.49720244,127.0280537,서울특별시 강남구,11,11230,1168000000,1
33,0223,교대,S1102,서울 도시철도 2호선,환승역,S1103,서울 도시철도 3호선,37.49320061,127.0142237,서울특별시 서초구,11,11220,1165000000,1
34,0224,서초,S1102,서울 도시철도 2호선,일반역,,,37.49178284,127.0075972,서울특별시 서초구,11,11220,1165000000,0
35,0225,방배,S1102,서울 도시철도 2호선,일반역,,,37.48130245,126.997636,서울특별시 서초구,11,11220,1165000000,0
36,0226,사당,S1102,서울 도시철도 2호선,환승역,S1104,서울 도시철도 4호선,37.4767992,126.9816245,서울특별시 동작구,11,11200,1159000000,1
37,0227,낙성대,S1102,서울 도시철도 2호선,일반역,,,37.47692607,126.9636002,서울특별시 관악구,11,11210,1162000000,0
38,0228,서울대입구,S1102,서울 도시철도 2호선,일반역,,,37.48103059,126.9526269,서울특별시 관악구,11,11210,1162000000,0
39,0229,봉천,S1102,서울 도시철도 2호선,일반역,,,37.48245978,126.9418478,서울특별시 관악구,11,11210,1162000000,0
40,0230,신림,S1102,서울 도시철도 2호선,일반역,,,37.48420085,126.9295937,서울특별시 관악구,11,11210,1162000000,0
41,0231,신대방,S1102,서울 도시철도 2호선,일반역,,,37.48741288,126.9135942,서울특별시 동작구,11,11200,1159000000,0
42,0232,구로디지털단지,S1102,서울 도시철도 2호선,일반역,,,37.48516215,126.9014847,서울특별시 구로구,11,11170,1153000000,0
43,0233,대림,S1102,서울 도시철도 2호선,일반역,,,37.49307207,126.8957105,서울특별시 구로구,11,11170,1153000000,0
44,0234,신도림,S1102,서울 도시철도 2호선,환승역,S1101,서울 도시철도 1호선,37.50874994,126.8912511,서울특별시 구로구,11,11170,1153000000,1
45,0235,문래,S1102,서울 도시철도 2호선,일반역,,,37.51779736,126.8945439,서울특별시 영등포구,11,11190,1156000000,0
46,0236,영등포구청,S1102,서울 도시철도 2호선,환승역,S1105,서울 도시철도 5호선,37.52524847,126.8958333,서울특별시 영등포구,11,11190,1156000000,1
47,0237,당산,S1102,서울 도시철도 2호선,환승역,S1109,서울 도시철도 9호선,37.53425753,126.9024241,서울특별시 영등포구,11,11190,1156000000,1
48,0238,합정,S1102,서울 도시철도 2호선,환승역,S1106,서울 도시철도 6호선,37.54959888,126.9141239,서울특별시 마포구,11,11140,1144000000,1
49,0239,홍대입구,S1102,서울 도시철도 2호선,환승역,I4107+I2801,경의중앙선+공항선,37.55701523,126.9249829,서울특별시 마포구,11,11140,1144000000,2
50,0240,신촌,S1102,서울 도시철도 2호선,일반역,,,37.555342,126.9368826,서울특별시 마포구,11,11140,1144000000,0
51,0241,이대,S1102,서울 도시철도 2호선,일반역,,,37.55672128,126.945801,서울특별시 마포구,11,11140,1144000000,0
52,0242,아현,S1102,서울 도시철도 2호선,일반역,,,37.55721977,126.9561295,서울특별시 마포구,11,11140,1144000000,0
53,0243,충정로,S1102,서울 도시철도 2호선,환승역,S1105,서울 도시철도 5호선,37.56022847,126.9634503,서울특별시 서대문구,11,11130,1141000000,1
54,0244,용답,S1102,서울 도시철도 2호선,일반역,,,37.56183232,127.050871,서울특별시 성동구,11,11040,1120000000,0
55,0245,신답,S1102,서울 도시철도 2호선,일반역,,,37.56961893,127.0468598,서울특별시 성동구,11,11040,1120000000,0
56,0246,신설동,S1102,서울 도시철도 2호선,환승역,S1101,서울 도시철도 1호선+우의신설,37.57519632,127.0248584,서울특별시 동대문구,11,11060,1123000000,2
57,0247,도림천,S1102,서울 도시철도 2호선,일반역,,,37.51420522,126.8827022,서울특별시 구로구,11,11170,1153000000,0
58,0248,양천구청,S1102,서울 도시철도 2호선,일반역,,,37.51205148,126.8656075,서울특별시 양천구,11,11150,1147000000,0
59,0249,신정네거리,S1102,서울 도시철도 2호선,일반역,,,37.51999688,126.8528986,서울특별시 양천구,11,11150,1147000000,0
60,0250,용두,S1102,서울 도시철도 2호선,일반역,,,37.57389197,127.0379098,서울특별시 동대문구,11,11060,1123000000,0
61,0309,지축,S1103,서울 도시철도 3호선,일반역,,,37.64793834,126.9137407,경기도 고양시,31,31101,4128000000,0
62,0310,구파발,S1103,서울 도시철도 3호선,일반역,,,37.63664912,126.9187832,서울특별시 은평구,11,11120,1138000000,0
63,0311,연신내,S1103,서울 도시철도 3호선,환승역,S1106,서울 도시철도 6호선,37.61881292,126.9208158,서울특별시 은평구,11,11120,1138000000,1
64,0312,불광,S1103,서울 도시철도 3호선,환승역,S1106,서울 도시철도 6호선,37.61013354,126.9296281,서울특별시 은평구,11,11120,1138000000,1
65,0313,녹번,S1103,서울 도시철도 3호선,일반역,,,37.60085525,126.935753,서울특별시 은평구,11,11120,1138000000,0
66,0314,홍제,S1103,서울 도시철도 3호선,일반역,,,37.58852355,126.944165,서울특별시 서대문구,11,11130,1141000000,0
67,0315,무악재,S1103,서울 도시철도 3호선,일반역,,,37.58211864,126.9501814,서울특별시 서대문구,11,11130,1141000000,0
68,0316,독립문,S1103,서울 도시철도 3호선,일반역,,,37.57448506,126.9578508,서울특별시 서대문구,11,11130,1141000000,0
69,0317,경복궁,S1103,서울 도시철도 3호선,일반역,,,37.57560542,126.9734832,서울특별시 종로구,11,11010,1111000000,0
70,0318,안국,S1103,서울 도시철도 3호선,일반역,,,37.57666379,126.9854787,서울특별시 종로구,11,11010,1111000000,0
71,0319,종로3가,S1103,서울 도시철도 3호선,환승역,S1101+S1105,서울 도시철도 1호선+서울 도시철도 6호선,37.57139366,126.9914115,서울특별시 종로구,11,11010,1111000000,2
72,0320,을지로3가,S1103,서울 도시철도 3호선,환승역,S1102,서울 도시철도 2호선,37.56634826,126.991482,서울특별시 중구,11,11020,1114000000,1
73,0321,충무로,S1103,서울 도시철도 3호선,환승역,S1104,서울 도시철도 4호선,37.56140209,126.9943556,서울특별시 중구,11,11020,1114000000,1
74,0322,동대입구,S1103,서울 도시철도 3호선,일반역,,,37.55883276,127.0052813,서울특별시 중구,11,11020,1114000000,0
75,0323,약수,S1103,서울 도시철도 3호선,일반역,,,37.5544519,127.0104682,서울특별시 중구,11,11020,1114000000,0
76,0324,금호,S1103,서울 도시철도 3호선,일반역,,,37.54800401,127.0156615,서울특별시 성동구,11,11040,1120000000,0
77,0325,옥수,S1103,서울 도시철도 3호선,환승역,I4107,경의중앙선,37.5414877,127.0177608,서울특별시 성동구,11,11040,1120000000,1
78,0326,압구정,S1103,서울 도시철도 3호선,일반역,,,37.52668639,127.0283697,서울특별시 강남구,11,11230,1168000000,0
79,0327,신사,S1103,서울 도시철도 3호선,일반역,,,37.51618776,127.020092,서울특별시 강남구,11,11230,1168000000,0
80,0328,잠원,S1103,서울 도시철도 3호선,일반역,,,37.51282982,127.0112442,서울특별시 서초구,11,11220,1165000000,0
81,0329,고속터미널,S1103,서울 도시철도 3호선,환승역,S1107+S1109,서울 도시철도 7호선+서울 도시철도 9호선,37.50436623,127.0049403,서울특별시 서초구,11,11220,1165000000,2
82,0330,교대,S1103,서울 도시철도 3호선,환승역,S1103,서울 도시철도 3호선,37.49320061,127.0140237,서울특별시 서초구,11,11220,1165000000,1
83,0331,남부터미널,S1103,서울 도시철도 3호선,일반역,,,37.48482472,127.0161898,서울특별시 서초구,11,11220,1165000000,0
84,0332,양재,S1103,서울 도시철도 3호선,환승역,I1102,신분당선,37.48381174,127.0345768,서울특별시 서초구,11,11220,1165000000,1
85,0333,매봉,S1103,서울 도시철도 3호선,일반역,,,37.48684644,127.0467037,서울특별시 강남구,11,11230,1168000000,0
86,0334,도곡,S1103,서울 도시철도 3호선,환승역,I4105,분당선,37.49082524,127.0553484,서울특별시 강남구,11,11230,1168000000,1
87,0335,대치,S1103,서울 도시철도 3호선,일반역,,,37.4942795,127.0632665,서울특별시 강남구,11,11230,1168000000,0
88,0336,학여울,S1103,서울 도시철도 3호선,일반역,,,37.49655351,127.0713676,서울특별시 강남구,11,11230,1168000000,0
89,0337,대청,S1103,서울 도시철도 3호선,일반역,,,37.49346096,127.079515,서울특별시 강남구,11,11230,1168000000,0
90,0338,일원,S1103,서울 도시철도 3호선,일반역,,,37.48382242,127.0843143,서울특별시 강남구,11,11230,1168000000,0
91,0339,수서,S1103,서울 도시철도 3호선,환승역,I4105,분당선,37.48716257,127.101553,서울특별시 강남구,11,11230,1168000000,1
92,0340,가락시장,S1103,서울 도시철도 3호선,환승역,S1108,서울 도시철도 8호선,37.49276539,127.1178996,서울특별시 송파구,11,11240,1171000000,1
93,0341,경찰병원,S1103,서울 도시철도 3호선,일반역,,,37.49576539,127.1242996,서울특별시 송파구,11,11240,1171000000,0
94,0342,오금,S1103,서울 도시철도 3호선,환승역,S1105,서울 도시철도 5호선,37.50216539,127.1278996,서울특별시 송파구,11,11240,1171000000,1
95,0409,당고개,S1104,서울 도시철도 4호선,일반역,,,37.67032572,127.0789555,서울특별시 노원구,11,11110,1135000000,0
96,0410,상계,S1104,서울 도시철도 4호선,일반역,,,37.66090497,127.0731287,서울특별시 노원구,11,11110,1135000000,0
97,0411,노원,S1104,서울 도시철도 4호선,환승역,S1107,서울 도시철도 7호선,37.6551493,127.0624948,서울특별시 노원구,11,11110,1135000000,1
98,0412,창동,S1104,서울 도시철도 4호선,환승역,S1101,서울 도시철도 1호선,37.65312232,127.0476886,서울특별시 도봉구,11,11100,1132000000,1
99,0413,쌍문,S1104,서울 도시철도 4호선,일반역,,,37.64853159,127.0345002,서울특별시 도봉구,11,11100,1132000000,0
100,0414,수유,S1104,서울 도시철도 4호선,일반역,,,37.63796529,127.0254433,서울특별시 강북구,11,11090,1130500000,0
101,0415,미아,S1104,서울 도시철도 4호선,일반역,,,37.62657144,127.0258287,서울특별시 강북구,11,11090,1130500000,0
102,0416,미아사거리,S1104,서울 도시철도 4호선,일반역,,,37.61325241,127.0298981,서울특별시 강북구,11,11090,1130500000,0
103,0417,길음,S1104,서울 도시철도 4호선,일반역,,,37.6035085,127.0249611,서울특별시 성북구,11,11080,1129000000,0
104,0418,성신여대입구,S1104,서울 도시철도 4호선,환승역,,우이신설,37.5927377,127.0163071,서울특별시 성북구,11,11080,1129000000,1
105,0419,한성대입구,S1104,서울 도시철도 4호선,일반역,,,37.58838493,127.0059994,서울특별시 성북구,11,11080,1129000000,0
106,0420,혜화,S1104,서울 도시철도 4호선,일반역,,,37.58228892,127.0016857,서울특별시 종로구,11,11010,1111000000,0
107,0421,동대문,S1104,서울 도시철도 4호선,환승역,S1101,서울 도시철도 1호선,37.57089132,127.0101189,서울특별시 종로구,11,11010,1111000000,1
108,0422,동대문역사문화공원,S1104,서울 도시철도 4호선,환승역,S1102+S1105,서울 도시철도 2호선+서울 도시철도 5호선,37.56507829,127.0071679,서울특별시 중구,11,11020,1114000000,2
109,0423,충무로,S1104,서울 도시철도 4호선,환승역,S1103,서울 도시철도 3호선,37.56120209,126.9943556,서울특별시 중구,11,11020,1114000000,1
110,0424,명동,S1104,서울 도시철도 4호선,일반역,,,37.56075073,126.9862482,서울특별시 중구,11,11020,1114000000,0
111,0425,회현,S1104,서울 도시철도 4호선,일반역,,,37.55851662,126.9781303,서울특별시 중구,11,11020,1114000000,0
112,0426,서울역,S1104,서울 도시철도 4호선,환승역,S1101+I2801,서울 도시철도 1호선+공항선,37.55356539,126.9724996,서울특별시 용산구,11,11030,1117000000,2
113,0427,숙대입구,S1104,서울 도시철도 4호선,일반역,,,37.54467788,126.9719943,서울특별시 용산구,11,11030,1117000000,0
114,0428,삼각지,S1104,서울 도시철도 4호선,환승역,S1106,서울 도시철도 6호선,37.53475857,126.9734308,서울특별시 용산구,11,11030,1117000000,1
115,0429,신용산,S1104,서울 도시철도 4호선,일반역,,,37.5292129,126.9677003,서울특별시 용산구,11,11030,1117000000,0
116,0430,이촌,S1104,서울 도시철도 4호선,환승역,I4107,경의중앙선,37.52234094,126.9741382,서울특별시 용산구,11,11030,1117000000,1
117,0431,동작,S1104,서울 도시철도 4호선,환승역,S1109,서울 도시철도 9호선,37.50300413,126.9790224,서울특별시 동작구,11,11200,1159000000,1
118,0432,총신대입구,S1104,서울 도시철도 4호선,환승역,S1107,서울 도시철도 7호선,37.48678247,126.981945,서울특별시 동작구,11,11200,1159000000,1
119,0433,사당,S1104,서울 도시철도 4호선,환승역,S1102,서울 도시철도 2호선,37.4767992,126.9814245,서울특별시 동작구,11,11200,1159000000,1
120,0434,남태령,S1104,서울 도시철도 4호선,일반역,,,37.46424858,126.9888363,서울특별시 서초구,11,11220,1165000000,0
121,100,양촌역,L4101,김포골드라인,일반역,,-,37.64179203,126.6146219,경기도 김포시,31,31230,4157000000,0
122,100,녹동역,S2901,광주도시철도 1호선,일반역,,,35.107028,126.933932,광주광역시 동구,24,24010,2911000000,0
123,100,동매역,S2601,부산도시철도 1호선,일반역,,,35.048621,128.965908,부산광역시 사하구,21,21100,2638000000,0
124,100,소요산역,k0205,경원선,일반역,,,37.948608,127.061007,경기도 동두천시,31,31080,4125000000,0
125,101,소태역,S2901,광주도시철도 1호선,일반역,,,35.124108,126.932013,광주광역시 동구,24,24010,2911000000,0
126,101,사상역,L4801,부산-김해경전철,환승역,L4801+S2602,부산-김해경전철+부산도시철도 2호선,35.162305,128.985784,부산광역시 사상구,21,21150,2653000000,2
127,101,판암,S3001,대전도시철도 1호선,일반역,,,36.316896,127.458264,대전광역시 동구,25,25010,3011000000,0
128,101,동두천역,k0205,경원선,일반역,,,37.927569,127.054825,경기도 동두천시,31,31080,4125000000,0
129,101,구래역,L4101,김포골드라인,일반역,,-,37.6453934,126.628576,경기도 김포시,31,31230,4157000000,0
130,101,신평역,S2601,부산도시철도 1호선,일반역,,,35.095179,128.960564,부산광역시 사하구,21,21100,2638000000,0
131,102,마산역,L4101,김포골드라인,일반역,,-,37.64060947,126.6440072,경기도 김포시,31,31230,4157000000,0
132,102,괘법르네시떼역,L4801,부산-김해경전철,일반역,,,35.16331,128.977737,부산광역시 사상구,21,21150,2653000000,0
133,102,괘법르네시떼역,L4801,부산-김해경전철,일반역,,,35.163311,128.977737,부산광역시 사상구,21,21150,2653000000,0
134,102,신흥,S3001,대전도시철도 1호선,일반역,,,36.319652,127.448792,대전광역시 동구,25,25010,3011000000,0
135,102,보산역,k0205,경원선,일반역,,,37.914268,127.057134,경기도 동두천시,31,31080,4125000000,0
136,102,하단역,S2601,부산도시철도 1호선,일반역,,,35.10618,128.966803,부산광역시 사하구,21,21100,2638000000,0
137,102,학동증심사입구역,S2901,광주도시철도 1호선,일반역,,,35.133023,126.928382,광주광역시 동구,24,24010,2911000000,0
138,103,대동,S3001,대전도시철도 1호선,일반역,,,36.329532,127.442848,대전광역시 동구,25,25010,3011000000,0
139,103,동두천중앙역,k0205,경원선,일반역,,,37.901818,127.056528,경기도 동두천시,31,31080,4125000000,0
140,103,당리역,S2601,부산도시철도 1호선,일반역,,,35.103532,128.973846,부산광역시 사하구,21,21100,2638000000,0
141,103,서부산유통지구역,L4801,부산-김해경전철,일반역,,,35.166435,128.954807,부산광역시 강서구,21,21120,2644000000,0
142,103,장기역,L4101,김포골드라인,일반역,,-,37.64405889,126.6690798,경기도 김포시,31,31230,4157000000,0
143,103,서부산유통지구역,L4801,부산-김해경전철,일반역,,,35.166435,128.954807,부산광역시 강서구,21,21120,2644000000,0
144,103,남광주역,S2901,광주도시철도 1호선,일반역,,,35.1478534,126.921807,광주광역시 동구,24,24010,2911000000,0
145,104,운양역,L4101,김포골드라인,일반역,,-,37.65376915,126.6838479,경기도 김포시,31,31230,4157000000,0
146,104,사하역,S2601,부산도시철도 1호선,일반역,,,35.099847,128.9831,부산광역시 사하구,21,21100,2638000000,0
147,104,공항역,L4801,부산-김해경전철,일반역,,,35.171929,128.948574,부산광역시 강서구,21,21120,2644000000,0
148,104,지행역,k0205,경원선,일반역,,,37.892361,127.055734,경기도 동두천시,31,31080,4125000000,0
149,104,문화전당역(구도청),S2901,광주도시철도 1호선,일반역,,,35.144698,126.9196731,광주광역시 동구,24,24010,2911000000,0
150,104,대전,S3001,대전도시철도 1호선,일반역,,,36.331583,127.433118,대전광역시 동구,25,25010,3011000000,0
151,104,공항역,L4801,부산-김해경전철,일반역,,,35.171929,128.948574,부산광역시 강서구,21,21120,2644000000,0
152,105,걸포북변역,L4101,김포골드라인,일반역,,-,37.63164148,126.705778,경기도 김포시,31,31230,4157000000,0
153,105,금남로4가역,S2901,광주도시철도 1호선,일반역,,,35.150976,126.914446,광주광역시 동구,24,24010,2911000000,0
154,105,덕두역,L4801,부산-김해경전철,일반역,,,35.182006,128.954217,부산광역시 강서구,21,21120,2644000000,0
155,105,덕두역,L4801,부산-김해경전철,일반역,,,35.182006,128.954217,부산광역시 강서구,21,21120,2644000000,0
156,105,중앙로,S3001,대전도시철도 1호선,일반역,,,36.328664,127.425842,대전광역시 중구,25,25020,3014000000,0
157,105,괴정역,S2601,부산도시철도 1호선,일반역,,,35.099816,128.992144,부산광역시 사하구,21,21100,2638000000,0
158,105,덕정역,k0205,경원선,일반역,,,37.843216,127.061511,경기도 양주시,31,31260,4163000000,0
159,106,중구청,S3001,대전도시철도 1호선,일반역,,,36.324831,127.419627,대전광역시 중구,25,25020,3014000000,0
160,106,등구역,L4801,부산-김해경전철,일반역,,,35.196194,128.963551,부산광역시 강서구,21,21120,2644000000,0
161,106,덕계역,k0205,경원선,일반역,,,37.818761,127.056676,경기도 양주시,31,31260,4163000000,0
162,106,사우(김포시청)역,L4101,김포골드라인,일반역,,-,37.62035224,126.7196954,경기도 김포시,31,31230,4157000000,0
163,106,등구역,L4801,부산-김해경전철,일반역,,,35.196194,128.963551,부산광역시 강서구,21,21120,2644000000,0
164,106,금남로5가역,S2901,광주도시철도 1호선,일반역,,,35.1537137,126.910933,광주광역시 북구,24,24040,2917000000,0
165,106,대티역,S2601,부산도시철도 1호선,일반역,,,35.103126,128.999936,부산광역시 사하구,21,21100,2638000000,0
166,107,풍무역,L4101,김포골드라인,일반역,,-,37.61243514,126.7324441,경기도 김포시,31,31230,4157000000,0
167,107,서대신역,S2601,부산도시철도 1호선,일반역,,,35.110937,129.012178,부산광역시 서구,21,21020,2614000000,0
168,107,대저역,L4801,부산-김해경전철,환승역,L4801+S2603,부산-김해경전철+부산도시철도 3호선,35.213056,128.960647,부산광역시 강서구,21,21120,2644000000,2
169,107,양동시장역,S2901,광주도시철도 1호선,일반역,,,35.154176,126.904489,광주광역시 서구,24,24020,2914000000,0
170,107,양주역,k0205,경원선,일반역,,,37.774281,127.044719,경기도 양주시,31,31260,4163000000,0
171,107,대저역,L4801,부산-김해경전철,환승역,L4801+S2603,부산-김해경전철+부산도시철도 3호선,35.213056,128.960647,부산광역시 강서구,21,21120,2644000000,2
172,107,서대전네거리,S3001,대전도시철도 1호선,일반역,,,36.322416,127.412518,대전광역시 중구,25,25020,3014000000,0
173,108,녹양역,k0205,경원선,일반역,,,37.759416,127.042272,경기도 의정부시,31,31030,4115000000,0
174,108,오룡,S3001,대전도시철도 1호선,일반역,,,36.328582,127.405046,대전광역시 중구,25,25020,3014000000,0
175,108,고촌역,L4101,김포골드라인,일반역,,-,37.60121656,126.7703242,경기도 김포시,31,31230,4157000000,0
176,108,동대신역,S2601,부산도시철도 1호선,일반역,,,35.110452,129.017684,부산광역시 서구,21,21020,2614000000,0
177,108,돌고개역,S2901,광주도시철도 1호선,일반역,,,35.152047,126.895637,광주광역시 서구,24,24020,2914000000,0
178,108,평강역,L4801,부산-김해경전철,일반역,,,35.214048,128.950756,부산광역시 강서구,21,21120,2644000000,0
179,108,평강역,L4801,부산-김해경전철,일반역,,,35.214048,128.950756,부산광역시 강서구,21,21120,2644000000,0
180,109,토성역,S2601,부산도시철도 1호선,일반역,,,35.100727,129.019776,부산광역시 서구,21,21020,2614000000,0
181,109,대사역,L4801,부산-김해경전철,일반역,,,35.217686,128.938423,부산광역시 강서구,21,21120,2644000000,0
182,109,가능역,k0205,경원선,일반역,,,37.748362,127.044251,경기도 의정부시,31,31030,4115000000,0
183,109,용문,S3001,대전도시철도 1호선,일반역,,,36.338252,127.393317,대전광역시 서구,25,25030,3017000000,0
184,109,대사역,L4801,부산-김해경전철,일반역,,,35.217686,128.938423,부산광역시 강서구,21,21120,2644000000,0
185,109,김포공항역,L4101,김포골드라인,환승역,,"공항철도,서울교통공사5호선,서울교통공사9호선운영㈜",37.56233524,126.8019511,서울특별시 강서구,11,11160,1150000000,1
186,109,농성역,S2901,광주도시철도 1호선,일반역,,,35.153563,126.883973,광주광역시 서구,24,24020,2914000000,0
187,110,화정역,S2901,광주도시철도 1호선,일반역,,,35.150381,126.877698,광주광역시 서구,24,24020,2914000000,0
188,110,자갈치역,S2601,부산도시철도 1호선,일반역,,,35.097372,129.02667,부산광역시 중구,21,21010,2611000000,0
189,110,불암역,L4801,부산-김해경전철,일반역,,,35.222192,128.927875,경상남도 김해시,38,38070,4825000000,0
190,110,탄방,S3001,대전도시철도 1호선,일반역,,,36.34544,127.384603,대전광역시 서구,25,25030,3017000000,0
191,110,의정부역,k0205,경원선,일반역,,,37.73873,127.045891,경기도 의정부시,31,31030,4115000000,0
192,110,불암역,L4801,부산-김해경전철,일반역,,,35.222192,128.927875,경상남도 김해시,38,38070,4825000000,0
193,111,쌍촌역,S2901,광주도시철도 1호선,일반역,,,35.151793,126.869519,광주광역시 서구,24,24020,2914000000,0
194,111,이촌역,k0205,경의중앙선,환승역,,경의중앙/4,37.522476,126.973816,서울특별시 용산구,11,11030,1117000000,1
195,111,지내역,L4801,부산-김해경전철,일반역,,,35.227492,128.923782,경상남도 김해시,38,38070,4825000000,0
196,111,회룡역,k0205,경원선,환승역,,경원/경전철,37.724037,127.047319,경기도 의정부시,31,31030,4115000000,1
197,111,시청,S3001,대전도시철도 1호선,일반역,,,36.351673,127.386739,대전광역시 서구,25,25030,3017000000,0
198,111,남포역,S2601,부산도시철도 1호선,일반역,,,35.097953,129.034869,부산광역시 중구,21,21010,2611000000,0
199,111,지내역,L4801,부산-김해경전철,일반역,,,35.227492,128.923782,경상남도 김해시,38,38070,4825000000,0
200,112,김해대학역,L4801,부산-김해경전철,일반역,,,35.229015,128.915561,경상남도 김해시,38,38070,4825000000,0
201,112,운천역,S2901,광주도시철도 1호선,일반역,,,35.150486,126.858694,광주광역시 서구,24,24020,2914000000,0
202,112,정부청사,S3001,대전도시철도 1호선,일반역,,,36.357661,127.381047,대전광역시 서구,25,25030,3017000000,0
203,112,중앙역,S2601,부산도시철도 1호선,일반역,,,35.103837,129.036371,부산광역시 중구,21,21010,2611000000,0
204,112,서빙고역,k0203,경의중앙선,일반역,,,37.51961,126.988358,서울특별시 용산구,11,11030,1117000000,0
205,112,김해대학역,L4801,부산-김해경전철,일반역,,,35.229015,128.915561,경상남도 김해시,38,38070,4825000000,0
206,112,망월사역,k0205,경원선,일반역,,,37.710499,127.047361,경기도 의정부시,31,31030,4115000000,0
207,113,부산역,S2601,부산도시철도 1호선,일반역,,,35.115224,129.0397,부산광역시 동구,21,21030,2617000000,0
208,113,인제대역,L4801,부산-김해경전철,일반역,,,35.2281,128.901761,경상남도 김해시,38,38070,4825000000,0
209,113,상무역,S2901,광주도시철도 1호선,일반역,,,35.146784,126.848641,광주광역시 서구,24,24020,2914000000,0
210,113,인제대역,L4801,부산-김해경전철,일반역,,,35.22810117,128.901761,경상남도 김해시,38,38070,4825000000,0
211,113,한남역,k0205,경의중앙선,일반역,,,37.529361,127.008984,서울특별시 용산구,11,11030,1117000000,0
212,113,도봉산역,k0205,경원선,환승역,,경원/7,37.689603,127.046347,서울특별시 도봉구,11,11100,1132000000,1
213,113,갈마,S3001,대전도시철도 1호선,일반역,,,36.357522,127.372632,대전광역시 서구,25,25030,3017000000,0
214,114,도봉역,k0205,경원선,일반역,,,37.679441,127.045521,서울특별시 도봉구,11,11100,1132000000,0
215,114,김대중컨벤션센터(마륵)역,S2901,광주도시철도 1호선,일반역,,,35.143214,126.841442,광주광역시 서구,24,24020,2914000000,0
216,114,월평,S3001,대전도시철도 1호선,일반역,,,36.358272,127.364382,대전광역시 서구,25,25030,3017000000,0
217,114,초량역,S2601,부산도시철도 1호선,일반역,,,35.121168,129.043039,부산광역시 동구,21,21030,2617000000,0
218,114,김해시청역,L4801,부산-김해경전철,일반역,,,35.227077,128.890425,경상남도 김해시,38,38070,4825000000,0
219,114,김해시청역,L4801,부산-김해경전철,일반역,,,35.227077,128.890425,경상남도 김해시,38,38070,4825000000,0
220,114,옥수역,k0205,경의중앙선,환승역,,경의중앙/3,37.540514,127.018698,서울특별시 성동구,11,11040,1120000000,1
221,115,부원역,L4801,부산-김해경전철,일반역,,,35.226489,128.8839018,경상남도 김해시,38,38070,4825000000,0
222,115,부산진역,S2601,부산도시철도 1호선,일반역,,,35.127787,129.047894,부산광역시 동구,21,21030,2617000000,0
223,115,방학역,k0205,경원선,일반역,,,37.667471,127.044295,서울특별시 도봉구,11,11100,1132000000,0
224,115,부원역,L4801,부산-김해경전철,일반역,,,35.226489,128.884,경상남도 김해시,38,38070,4825000000,0
225,115,설화명곡,S2701,대구 도시철도 1호선,일반역,,,35.7987183,128.4893178,대구광역시 달성군,22,22310,2771000000,0
226,115,응봉역,k0205,경의중앙선,일반역,,,37.550433,127.034824,서울특별시 성동구,11,11040,1120000000,0
227,115,공항역,S2901,광주도시철도 1호선,일반역,,,35.144179,126.8112104,광주광역시 광산구,24,24050,2920000000,0
228,115,갑천,S3001,대전도시철도 1호선,일반역,,,36.354578,127.354467,대전광역시 서구,25,25030,3017000000,0
229,116,왕십리역,k0205,경의중앙선,환승역,k0205+k0304,경의중앙/분당/2/5,37.561128,127.035505,서울특별시 성동구,11,11040,1120000000,1
230,116,유성온천,S3001,대전도시철도 1호선,일반역,,,36.353689,127.341524,대전광역시 유성구,25,25040,3020000000,0
231,116,송정공원역,S2901,광주도시철도 1호선,일반역,,,35.143565,126.799245,광주광역시 광산구,24,24050,2920000000,0
232,116,화원,S2701,대구 도시철도 1호선,일반역,,,35.8043566,128.5004042,대구광역시 달성군,22,22310,2771000000,0
233,116,창동역,k0205,경원선,환승역,,경원/4,37.653181,127.047663,서울특별시 도봉구,11,11100,1132000000,1
234,116,좌천역,S2601,부산도시철도 1호선,일반역,,,35.134361,129.054455,부산광역시 동구,21,21030,2617000000,0
235,116,부산원동역,k0211,동해선,일반역,,,35.362703,128.920499,부산광역시 동래구,21,21060,2626000000,0
236,116,봉황역,L4801,부산-김해경전철,일반역,,,35.227266,128.874381,경상남도 김해시,38,38070,4825000000,0
237,116,봉황역,L4801,부산-김해경전철,일반역,,,35.227266,128.874381,경상남도 김해시,38,38070,4825000000,0
238,117,구암,S3001,대전도시철도 1호선,일반역,,,36.356605,127.33083,대전광역시 유성구,25,25040,3020000000,0
239,117,청량리역,k0205,경의중앙선,환승역,k0205+k0210,경원/경춘/1,37.580543,127.046516,서울특별시 동대문구,11,11060,1123000000,1
240,117,대곡,S2701,대구 도시철도 1호선,일반역,,,35.809497,128.510391,대구광역시 달서구,22,22070,2729000000,0
241,117,수로왕릉역,L4801,부산-김해경전철,일반역,,,35.232824,128.872207,경상남도 김해시,38,38070,4825000000,0
242,117,수로왕릉역,L4801,부산-김해경전철,일반역,,,35.232824,128.872207,경상남도 김해시,38,38070,4825000000,0
243,117,범일역,S2601,부산도시철도 1호선,일반역,,,35.140952,129.059352,부산광역시 동구,21,21030,2617000000,0
244,117,광주송정역,S2901,광주도시철도 1호선,일반역,,,35.137529,126.791488,광주광역시 광산구,24,24050,2920000000,0
245,117,녹천역,k0205,경원선,일반역,,,37.644599,127.051406,서울특별시 도봉구,11,11100,1132000000,0
246,118,현충원,S3001,대전도시철도 1호선,일반역,,,36.359021,127.321525,대전광역시 유성구,25,25040,3020000000,0
247,118,범내골역,S2601,부산도시철도 1호선,일반역,,,35.1474,129.059261,부산광역시 부산진구,21,21050,2623000000,0
248,118,박물관역,L4801,부산-김해경전철,일반역,,,35.240072,128.871905,경상남도 김해시,38,38070,4825000000,0
249,118,박물관역,L4801,부산-김해경전철,일반역,,,35.240072,128.871905,경상남도 김해시,38,38070,4825000000,0
250,118,도산역,S2901,광주도시철도 1호선,일반역,,,35.131713,126.787942,광주광역시 광산구,24,24050,2920000000,0
251,118,진천,S2701,대구 도시철도 1호선,일반역,,,35.813826,128.520397,대구광역시 달서구,22,22070,2729000000,0
252,118,월계역,k0205,경원선,일반역,,,37.633114,127.058835,서울특별시 노원구,11,11110,1135000000,0
253,119,서면역(1호선),S2601,부산도시철도 1호선,환승역,S2601+S2602,부산도시철도 1호선+부산도시철도 2호선,35.158282,129.059556,부산광역시 부산진구,21,21050,2623000000,2
254,119,광운대역,k0205,경원선,환승역,,경춘/1,37.623635,127.061975,서울특별시 노원구,11,11110,1135000000,1
255,119,연지공원역,L4801,부산-김해경전철,일반역,,,35.2496,128.869287,경상남도 김해시,38,38070,4825000000,0
256,119,연지공원역,L4801,부산-김해경전철,일반역,,,35.24965843,128.869287,경상남도 김해시,38,38070,4825000000,0
257,119,중랑역,k0212,경의중앙선,환승역,k0212+k0210,경의중앙/경춘,37.594948,127.076152,서울특별시 중랑구,11,11070,1126000000,1
258,119,평동역,S2901,광주도시철도 1호선,일반역,,,35.1245829,126.769586,광주광역시 광산구,24,24050,2920000000,0
259,119,월배,S2701,대구 도시철도 1호선,일반역,,,35.816276,128.528392,대구광역시 달서구,22,22070,2729000000,0
260,119,월드컵경기장,S3001,대전도시철도 1호선,일반역,,,36.366825,127.317859,대전광역시 유성구,25,25040,3020000000,0
261,120,노은,S3001,대전도시철도 1호선,일반역,,,36.37415,127.317835,대전광역시 유성구,25,25040,3020000000,0
262,120,장신대역,L4801,부산-김해경전철,일반역,,,35.259544,128.867202,경상남도 김해시,38,38070,4825000000,0
263,120,상인,S2701,대구 도시철도 1호선,일반역,,,35.818966,128.535684,대구광역시 달서구,22,22070,2729000000,0
264,120,상봉역,k0212,경의중앙선,환승역,k0212+k0210,경의중앙/경춘/7,37.595254,127.085853,서울특별시 중랑구,11,11070,1126000000,1
265,120,장신대역,L4801,부산-김해경전철,일반역,,,35.259544,128.867202,경상남도 김해시,38,38070,4825000000,0
266,120,석계역,k0205,경원선,환승역,,경원/6,37.615206,127.065594,서울특별시 노원구,11,11110,1135000000,1
267,120,부전역,S2601,부산도시철도 1호선,일반역,,,35.162587,129.062952,부산광역시 부산진구,21,21050,2623000000,0
268,121,월촌,S2701,대구 도시철도 1호선,일반역,,,35.823688,128.543277,대구광역시 달서구,22,22070,2729000000,0
269,121,양정역,S2601,부산도시철도 1호선,일반역,,,35.173122,129.071366,부산광역시 부산진구,21,21050,2623000000,0
270,121,가야대역,L4801,부산-김해경전철,일반역,,,35.266785,128.865,경상남도 김해시,38,38070,4825000000,0
271,121,지족,S3001,대전도시철도 1호선,일반역,,,36.384106,127.319501,대전광역시 유성구,25,25040,3020000000,0
272,121,신이문역,k0205,경원선,일반역,,,37.601829,127.067347,서울특별시 동대문구,11,11060,1123000000,0
273,121,망우역,k0212,경의중앙선,환승역,k0212+k0210,경의중앙/경춘,37.599288,127.092318,서울특별시 중랑구,11,11070,1126000000,1
274,121,가야대역,L4801,부산-김해경전철,일반역,,,35.266785,128.8650682,경상남도 김해시,38,38070,4825000000,0
275,122,사상역,L4801,부산-김해경전철,환승역,L4801+S2602,부산-김해경전철+부산도시철도 2호선,35.162305,128.985784,부산광역시 사상구,21,21150,2653000000,2
276,122,신내역,k0210,경춘선,일반역,,,37.612855,127.103277,서울특별시 중랑구,11,11070,1126000000,0
277,122,양원역,k0212,경의중앙선,일반역,,,36.963209,129.091131,서울특별시 중랑구,11,11070,1126000000,0
278,122,반석,S3001,대전도시철도 1호선,일반역,,,36.392128,127.314581,대전광역시 유성구,25,25040,3020000000,0
279,122,송현,S2701,대구 도시철도 1호선,일반역,,,35.831079,128.549562,대구광역시 달서구,22,22070,2729000000,0
280,122,외대앞역,k0205,경원선,일반역,,,37.596157,127.063572,서울특별시 동대문구,11,11060,1123000000,0
281,122,시청역,S2601,부산도시철도 1호선,일반역,,,35.179837,129.076642,부산광역시 연제구,21,21130,2647000000,0
282,123,성당못,S2701,대구 도시철도 1호선,일반역,,,35.837471,128.555224,대구광역시 남구,22,22040,2720000000,0
283,123,회기역,k0205,경원선,환승역,k0205+k0210,경의중앙/경춘/1,37.589802,127.057936,서울특별시 동대문구,11,11060,1123000000,1
284,123,연산역,S2601,부산도시철도 1호선,환승역,S2601+S2603,부산도시철도 1호선+부산도시철도 3호선,35.186168,129.081534,부산광역시 연제구,21,21130,2647000000,2
285,123,구리역,k0212,경의중앙선,일반역,,,37.503178,126.882037,경기도 구리시,31,31120,4131000000,0
286,123,갈매역,k0210,경춘선,일반역,,,37.634135,127.114803,경기도 구리시,31,31120,4131000000,0
287,124,대명,S2701,대구 도시철도 1호선,일반역,,,35.839302,128.563288,대구광역시 남구,22,22040,2720000000,0
288,124,교대역,S2601,부산도시철도 1호선,일반역,,,35.19605,129.080035,부산광역시 연제구,21,21130,2647000000,0
289,124,도농역,k0212,경의중앙선,일반역,,,37.608756,127.161105,경기도 남양주시,31,31130,4136000000,0
290,124,별내역,k0210,경춘선,일반역,,,37.642221,127.127208,경기도 남양주시,31,31130,4136000000,0
291,125,안지랑,S2701,대구 도시철도 1호선,일반역,,,35.839243,128.571705,대구광역시 남구,22,22040,2720000000,0
292,125,동래역,S2601,부산도시철도 1호선,일반역,,,35.205641,129.078506,부산광역시 동래구,21,21060,2626000000,0
293,125,양정역,k0212,경의중앙선,일반역,,,37.604269,127.194602,경기도 남양주시,31,31130,4136000000,0
294,125,퇴계원역,k0210,경춘선,일반역,,,37.648316,127.143858,경기도 남양주시,31,31130,4136000000,0
295,126,명륜역,S2601,부산도시철도 1호선,일반역,,,35.212551,129.079659,부산광역시 동래구,21,21060,2626000000,0
296,126,덕소역,k0212,경의중앙선,일반역,,,37.586892,127.208835,경기도 남양주시,31,31130,4136000000,0
297,126,사릉역,k0210,경춘선,일반역,,,37.651145,127.176839,경기도 남양주시,31,31130,4136000000,0
298,126,현충로,S2701,대구 도시철도 1호선,일반역,,,35.840911,128.579194,대구광역시 남구,22,22040,2720000000,0
299,127,도심역,k0212,경의중앙선,일반역,,,37.579628,127.222798,경기도 남양주시,31,31130,4136000000,0
300,127,온천장역,S2601,부산도시철도 1호선,일반역,,,35.220249,129.086437,부산광역시 동래구,21,21060,2626000000,0
301,127,영대병원,S2701,대구 도시철도 1호선,일반역,,,35.844269,128.586057,대구광역시 남구,22,22040,2720000000,0
302,127,금곡역,k0210,경춘선,일반역,,,37.637414,127.207931,경기도 남양주시,31,31130,4136000000,0
303,128,부산대역,S2601,부산도시철도 1호선,일반역,,,35.229609,129.089358,부산광역시 금정구,21,21110,2641000000,0
304,128,평내호평역,k0210,경춘선,일반역,,,37.653229,127.244452,경기도 남양주시,31,31130,4136000000,0
305,128,교대,S2701,대구 도시철도 1호선,일반역,,,35.851106,128.588432,대구광역시 남구,22,22040,2720000000,0
306,128,팔당역,k0212,경의중앙선,일반역,,,37.547321,127.243896,경기도 남양주시,31,31130,4136000000,0
307,129,명덕,S2701,대구 도시철도 1호선,환승역,S2701+S2703,대구 도시철도 1호선 + 대구 도시철도 3호선,35.8580257,128.5824361,대구광역시 중구,22,22010,2711000000,2
308,129,천마산역,k0210,경춘선,일반역,,,37.658995,127.285731,경기도 남양주시,31,31130,4136000000,0
309,129,장전역,S2601,부산도시철도 1호선,일반역,,,35.2380909507,129.088111,부산광역시 금정구,21,21110,2641000000,0
310,129,운길산역,k0212,경의중앙선,일반역,,,37.554659,127.310089,경기도 남양주시,31,31130,4136000000,0
311,130,구서역,S2601,부산도시철도 1호선,일반역,,,35.247407,129.091327,부산광역시 금정구,21,21110,2641000000,0
312,130,반월당,S2701,대구 도시철도 1호선,환승역,S2701+S2702,대구 도시철도 1호선 + 대구 도시철도 2호선,35.864678,128.591147,대구광역시 중구,22,22010,2711000000,2
313,130,양수역,k0212,경의중앙선,일반역,,,37.545998,127.328948,경기도 양평군,31,31380,4183000000,0
314,130,마석역,k0210,경춘선,일반역,,,37.652328,127.311713,경기도 남양주시,31,31130,4136000000,0
315,131,신원역,k0212,경의중앙선,일반역,,,37.525921,127.372745,경기도 양평군,31,31380,4183000000,0
316,131,대성리역,k0210,경춘선,일반역,,,37.683909,127.379165,경기도 가평군,31,31370,4182000000,0
317,131,두실역,S2601,부산도시철도 1호선,일반역,,,35.256959,129.091386,부산광역시 금정구,21,21110,2641000000,0
318,131,중앙로,S2701,대구 도시철도 1호선,일반역,,,35.870913,128.591799,대구광역시 중구,22,22010,2711000000,0
319,132,남산역,S2601,부산도시철도 1호선,일반역,,,35.265404,129.092496,부산광역시 금정구,21,21110,2641000000,0
320,132,대구,S2701,대구 도시철도 1호선,일반역,,,35.8763691,128.5884861,대구광역시 북구,22,22050,2723000000,0
321,132,청평역,k0210,경춘선,일반역,,,37.735484,127.426541,경기도 가평군,31,31370,4182000000,0
322,132,국수역,k0212,경의중앙선,일반역,,,37.516171,127.399402,경기도 양평군,31,31380,4183000000,0
323,133,상천역,k0210,경춘선,일반역,,,37.770405,127.4542,경기도 가평군,31,31370,4182000000,0
324,133,칠성시장,S2701,대구 도시철도 1호선,일반역,,,35.876141,128.602971,대구광역시 북구,22,22050,2723000000,0
325,133,아신역,k0212,경의중앙선,일반역,,,37.513954,127.443238,경기도 양평군,31,31380,4183000000,0
326,133,범어사역,S2601,부산도시철도 1호선,일반역,,,35.273105,129.092679,부산광역시 금정구,21,21110,2641000000,0
327,134,남영역,k0201,경부선,일반역,,,37.540597,126.971171,서울특별시 용산구,11,11030,1117000000,0
328,134,신천,S2701,대구 도시철도 1호선,일반역,,,37.511624,127.083391,대구광역시 동구,22,22020,2714000000,0
329,134,가평역,k0210,경춘선,일반역,,,37.814515,127.510693,경기도 가평군,31,31370,4182000000,0
330,134,오빈역,k0212,경의중앙선,일반역,,,37.506061,127.474053,경기도 양평군,31,31380,4183000000,0
331,134,노포역,S2601,부산도시철도 1호선,일반역,,,35.2846865668,129.094967,부산광역시 금정구,21,21110,2641000000,0
332,135,굴봉산역,k0210,경춘선,일반역,,,37.832086,127.557732,강원도 춘천시,32,32010,4211000000,0
333,135,양평역,k0212,경의중앙선,일반역,,,37.492674,127.491858,경기도 양평군,31,31380,4183000000,0
334,135,동대구,S2701,대구 도시철도 1호선,일반역,,,35.877303,128.627513,대구광역시 동구,22,22020,2714000000,0
335,135,용산역,k0201,경부선,환승역,k0201+k0205,경부/경원/경의중앙,37.52989,126.964775,서울특별시 용산구,11,11030,1117000000,1
336,136,원덕역,k0212,경의중앙선,일반역,,,37.468585,127.547468,경기도 양평군,31,31380,4183000000,0
337,136,동구청,S2701,대구 도시철도 1호선,일반역,,,35.8838366,128.6316231,대구광역시 동구,22,22020,2714000000,0
338,136,백양리역,k0210,경춘선,일반역,,,37.830881,127.589085,강원도 춘천시,32,32010,4211000000,0
339,136,노량진역,k0201,경부선,환승역,,경부/9,37.514072,126.941671,서울특별시 동작구,11,11200,1159000000,1
340,137,강촌역,k0210,경춘선,일반역,,,37.805728,127.634054,강원도 춘천시,32,32010,4211000000,0
341,137,대방역,k0201,경부선,일반역,,,37.513392,126.926407,서울특별시 영등포구,11,11190,1156000000,0
342,137,용문역,k0212,경의중앙선,일반역,,,37.482085,127.594251,경기도 양평군,31,31380,4183000000,0
343,137,아양교,S2701,대구 도시철도 1호선,일반역,,,35.887162,128.6375663,대구광역시 동구,22,22020,2714000000,0
344,138,신길역,k0201,경부선,환승역,,경부/5,37.517018,126.917743,서울특별시 영등포구,11,11190,1156000000,1
345,138,지평역,k0212,경의중앙선,일반역,,,37.476496,127.629681,경기도 양평군,31,31380,4183000000,0
346,138,김유정역,k0210,경춘선,일반역,,,37.818475,127.714302,강원도 춘천시,32,32010,4211000000,0
347,138,동촌,S2701,대구 도시철도 1호선,일반역,,,35.886159,128.649053,대구광역시 동구,22,22020,2714000000,0
348,139,영등포역,k0201,경부선,일반역,,,37.515756,126.907411,서울특별시 영등포구,11,11190,1156000000,0
349,139,해안,S2701,대구 도시철도 1호선,일반역,,,35.8838981,128.6593108,대구광역시 동구,22,22020,2714000000,0
350,139,남춘천역,k0210,경춘선,일반역,,,37.864071,127.723761,강원도 춘천시,32,32010,4211000000,0
351,140,춘천역,k0210,경춘선,일반역,,,37.884391,127.716603,강원도 춘천시,32,32010,4211000000,0
352,140,신도림역,k0201,경부선,환승역,,경부/2,37.508983,126.891513,서울특별시 구로구,11,11170,1153000000,1
353,140,방촌,S2701,대구 도시철도 1호선,일반역,,,35.879692,128.669976,대구광역시 동구,22,22020,2714000000,0
354,141,구로역,k0201,경부선,환승역,k0201+k0301,경부/경인,37.503178,126.882037,서울특별시 구로구,11,11170,1153000000,1
355,141,용계,S2701,대구 도시철도 1호선,일반역,,,35.876273,128.681415,대구광역시 동구,22,22020,2714000000,0
356,142,구일역,k0301,경인선,일반역,,,37.496273,126.869599,서울특별시 구로구,11,11170,1153000000,0
357,142,율하,S2701,대구 도시철도 1호선,일반역,,,35.869579,128.693032,대구광역시 동구,22,22020,2714000000,0
358,142,가산디지털단지역,k0201,경부선,환승역,,경부/7,37.481568,126.882628,서울특별시 금천구,11,11180,1154500000,1
359,143,개봉역,k0301,경인선,일반역,,,37.494698,126.858504,서울특별시 구로구,11,11170,1153000000,0
360,143,독산역,k0201,경부선,일반역,,,37.465994,126.889508,서울특별시 금천구,11,11180,1154500000,0
361,143,신기,S2701,대구 도시철도 1호선,일반역,,,35.866759,128.701658,대구광역시 동구,22,22020,2714000000,0
362,144,금천구청역,k0201,경부선,환승역,k0201+k2012,경부/광명셔틀,37.45576,126.894344,서울특별시 금천구,11,11180,1154500000,1
363,144,반야월,S2701,대구 도시철도 1호선,일반역,,,35.865999,128.713553,대구광역시 동구,22,22020,2714000000,0
364,144,오류동역,k0301,경인선,일반역,,,37.4944,126.844551,서울특별시 구로구,11,11170,1153000000,0
365,144,광명역,k0201,고속선,일반역,,,37.415995,126.884523,경기도 광명시,31,31060,4121000000,0
366,145,석수역,k0201,경부선,일반역,,,37.435161,126.902233,경기도 안양시,31,31041,4117000000,0
367,145,온수역,k0301,경인선,환승역,,경인/7,37.492267,126.823399,서울특별시 구로구,11,11170,1153000000,1
368,145,각산,S2701,대구 도시철도 1호선,일반역,,,35.868012,128.724389,대구광역시 동구,22,22020,2714000000,0
369,146,관악역,k0201,경부선,일반역,,,37.419578,126.908476,경기도 안양시,31,31041,4117000000,0
370,146,역곡역,k0301,경인선,일반역,,,37.48514,126.811622,경기도 부천시,31,31050,4119000000,0
371,146,안심,S2701,대구 도시철도 1호선,일반역,,,35.871227,128.733739,대구광역시 동구,22,22020,2714000000,0
372,147,소사역,k0301,경인선,일반역,,,37.482755,126.795654,경기도 부천시,31,31050,4119000000,0
373,147,안양역,k0201,경부선,일반역,,,37.401929,126.922647,경기도 안양시,31,31041,4117000000,0
374,148,부천역,k0301,경인선,일반역,,,37.484066,126.782779,경기도 부천시,31,31050,4119000000,0
375,148,명학역,k0201,경부선,일반역,,,37.384435,126.935579,경기도 안양시,31,31041,4117000000,0
376,149,금정역,k0201,경부선,환승역,,경부/4,37.371957,126.943611,경기도 군포시,31,31160,4141000000,1
377,149,중동역,k0301,경인선,일반역,,,37.486664,126.764474,경기도 부천시,31,31050,4119000000,0
378,150,송내역,k0301,경인선,일반역,,,37.487626,126.753045,경기도 부천시,31,31050,4119000000,0
379,150,군포역,k0201,경부선,일반역,,,37.353732,126.948517,경기도 군포시,31,31160,4141000000,0
380,151,부개역,k0301,경인선,일반역,,,37.488479,126.740549,인천광역시 부평구,23,23060,2823700000,0
381,151,당정역,k0201,경부선,일반역,,,37.34338,126.948388,경기도 군포시,31,31160,4141000000,0
382,152,부평역,k0301,경인선,환승역,,경인/인천1,37.489457,126.724584,인천광역시 부평구,23,23060,2823700000,1
383,152,의왕역,k0201,경부선,일반역,,,37.320648,126.948099,경기도 의왕시,31,31170,4143000000,0
384,153,성균관대역,k0201,경부선,일반역,,,37.300344,126.970861,경기도 수원시,31,31011,4111000000,0
385,153,백운역,k0301,경인선,일반역,,,37.483301,126.707179,인천광역시 부평구,23,23060,2823700000,0
386,154,동암역,k0301,경인선,일반역,,,37.470835,126.703016,인천광역시 부평구,23,23060,2823700000,0
387,154,화서역,k0201,경부선,일반역,,,37.28399,126.989581,경기도 수원시,31,31011,4111000000,0
388,155,수원역,k0201,경부선,환승역,k0304+k0201,경부/분당,37.266162,126.999821,경기도 수원시,31,31011,4111000000,1
389,155,간석역,k0301,경인선,일반역,,,37.464689,126.693408,인천광역시 남동구,23,23050,2820000000,0
390,156,세류역,k0201,경부선,일반역,,,37.244102,127.013772,경기도 수원시,31,31011,4111000000,0
391,156,주안역,k0301,경인선,환승역,,경인/인천2,37.465041,126.680702,인천광역시 미추홀구,23,23090,2817700000,1
392,157,도화역,k0301,경인선,일반역,,,37.466154,126.66846,인천광역시 미추홀구,23,23090,2817700000,0
393,157,병점역,k0201,경부선,환승역,k0201+k0201,경부/서동탄,37.206821,127.033268,경기도 화성시,31,31240,4159000000,1
394,157,서동탄역,k0201,경부선,일반역,,,37.195675,127.051893,경기도 오산시,31,31140,4137000000,0
395,158,제물포역,k0301,경인선,일반역,,,37.466809,126.657165,인천광역시 미추홀구,23,23090,2817700000,0
396,158,세마역,k0201,경부선,일반역,,,37.187288,127.043279,경기도 오산시,31,31140,4137000000,0
397,159,오산대역,k0201,경부선,일반역,,,37.169401,127.063081,경기도 오산시,31,31140,4137000000,0
398,159,도원역,k0301,경인선,일반역,,,37.468604,126.642824,인천광역시 동구,23,23020,2814000000,0
399,160,오산역,k0201,경부선,일반역,,,37.145472,127.066708,경기도 오산시,31,31140,4137000000,0
400,160,동인천역,k0301,경인선,일반역,,,37.475414,126.632598,인천광역시 중구,23,23010,2811000000,0
401,161,진위역,k0201,경부선,일반역,,,37.109771,127.062342,경기도 평택시,31,31070,4122000000,0
402,161,인천역,k0301,경인선,환승역,k0301+k2015,경인/수인,37.476364,126.616936,인천광역시 중구,23,23010,2811000000,1
403,162,송탄역,k0201,경부선,일반역,,,37.075376,127.054397,경기도 평택시,31,31070,4122000000,0
404,163,서정리역,k0201,경부선,일반역,,,37.056459,127.052844,경기도 평택시,31,31070,4122000000,0
405,164,지제역,k0201,경부선,일반역,,,37.018822,127.070269,경기도 평택시,31,31070,4122000000,0
406,165,평택역,k0201,경부선,일반역,,,36.990559,127.085496,경기도 평택시,31,31070,4122000000,0
407,166,성환역,k0201,경부선,일반역,,,36.915781,127.127007,충청남도 천안시,34,34011,4413000000,0
408,167,직산역,k0201,경부선,일반역,,,36.870921,127.143774,충청남도 천안시,34,34011,4413000000,0
409,168,두정역,k0201,경부선,일반역,,,36.833791,127.148905,충청남도 천안시,34,34011,4413000000,0
410,169,천안역,k0201,경부선,일반역,,,36.810238,127.146417,충청남도 천안시,34,34011,4413000000,0
411,170,봉명역,k0208,장항선,일반역,,,36.801578,127.136319,충청남도 천안시,34,34011,4413000000,0
412,171,쌍용(나사렛대)역,k0208,장항선,일반역,,,36.793745,127.121363,충청남도 천안시,34,34011,4413000000,0
413,172,아산역,k0208,장항선,일반역,,,36.792195,127.105049,충청남도 아산시,34,34040,4420000000,0
414,174,배방역,k0208,장항선,일반역,,,36.777541,127.052751,충청남도 아산시,34,34040,4420000000,0
415,176,온양온천역,k0208,장항선,일반역,,,36.780419,127.003707,충청남도 아산시,34,34040,4420000000,0
416,177,신창(순천향대)역,k0208,장항선,일반역,,,36.769213,126.950129,충청남도 아산시,34,34040,4420000000,0
417,201,장산역,S2602,부산도시철도 2호선,일반역,,,35.169914,129.176986,부산광역시 해운대구,21,21090,2635000000,0
418,201,장산역,S2602,부산도시철도 2호선,일반역,,,35.169914,129.176986,부산광역시 해운대구,21,21090,2635000000,0
419,2020,중동역,S2602,부산도시철도 2호선,일반역,,,35.1667,129.168604,부산광역시 해운대구,21,21090,2635000000,0
420,2020,중동역,S2602,부산도시철도 2호선,일반역,,,35.1667,129.168604,부산광역시 해운대구,21,21090,2635000000,0
421,203,해운대역,S2602,부산도시철도 2호선,일반역,,,35.163672,129.158908,부산광역시 해운대구,21,21090,2635000000,0
422,203,해운대역,S2602,부산도시철도 2호선,일반역,,,35.163672,129.158908,부산광역시 해운대구,21,21090,2635000000,0
423,204,동백역,S2602,부산도시철도 2호선,일반역,,,35.161484,129.147897,부산광역시 해운대구,21,21090,2635000000,0
424,204,동백역,S2602,부산도시철도 2호선,일반역,,,35.161484,129.147897,부산광역시 해운대구,21,21090,2635000000,0
425,205,시립미술관역,S2602,부산도시철도 2호선,일반역,,,35.168844,129.138933,부산광역시 해운대구,21,21090,2635000000,0
426,205,시립미술관역,S2602,부산도시철도 2호선,일반역,,,35.168844,129.138933,부산광역시 해운대구,21,21090,2635000000,0
427,206,센텀시티역,S2602,부산도시철도 2호선,일반역,,,35.168827,129.131745,부산광역시 해운대구,21,21090,2635000000,0
428,206,센텀시티역,S2602,부산도시철도 2호선,일반역,,,35.168827,129.131745,부산광역시 해운대구,21,21090,2635000000,0
429,207,민락역,S2602,부산도시철도 2호선,일반역,,,35.167228,129.121909,부산광역시 수영구,21,21140,2650000000,0
430,207,민락역,S2602,부산도시철도 2호선,일반역,,,35.167228,129.121909,부산광역시 수영구,21,21140,2650000000,0
431,208,수영역,S2602,부산도시철도 2호선,환승역,S2602+S2603,부산도시철도 2호선+부산도시철도 3호선,35.165227,129.114713,부산광역시 수영구,21,21140,2650000000,2
432,208,수영역,S2602,부산도시철도 2호선,환승역,S2602+S2603,부산도시철도 2호선+부산도시철도 3호선,35.165227,129.114713,부산광역시 수영구,21,21140,2650000000,2
433,209,광안역,S2602,부산도시철도 2호선,일반역,,,35.157916,129.113168,부산광역시 수영구,21,21140,2650000000,0
434,209,광안역,S2602,부산도시철도 2호선,일반역,,,35.157916,129.113168,부산광역시 수영구,21,21140,2650000000,0
435,210,금련산역,S2602,부산도시철도 2호선,일반역,,,35.149771,129.110961,부산광역시 수영구,21,21140,2650000000,0
436,210,금련산역,S2602,부산도시철도 2호선,일반역,,,35.149771,129.110961,부산광역시 수영구,21,21140,2650000000,0
437,211,남천역,S2602,부산도시철도 2호선,일반역,,,35.142139,129.107978,부산광역시 수영구,21,21140,2650000000,0
438,211,서울숲역,k0304,분당선,일반역,,,37.543647,127.044686,서울특별시 성동구,11,11040,1120000000,0
439,211,남천역,S2602,부산도시철도 2호선,일반역,,,35.142139,129.107978,부산광역시 수영구,21,21140,2650000000,0
440,212,압구정로데오역,k0304,분당선,일반역,,,37.527385,127.040555,서울특별시 강남구,11,11230,1168000000,0
441,212,경성대부경대역,S2602,부산도시철도 2호선,일반역,,,35.137585,129.100548,부산광역시 남구,21,21070,2629000000,0
442,212,경성대부경대역,S2602,부산도시철도 2호선,일반역,,,35.137585,129.100548,부산광역시 남구,21,21070,2629000000,0
443,213,대연역,S2602,부산도시철도 2호선,일반역,,,35.135153,129.092161,부산광역시 남구,21,21070,2629000000,0
444,213,대연역,S2602,부산도시철도 2호선,일반역,,,35.135153,129.092161,부산광역시 남구,21,21070,2629000000,0
445,213,강남구청역,k0304,분당선,환승역,,분당/7,37.517172,127.041275,서울특별시 강남구,11,11230,1168000000,1
446,214,선정릉역,k0304,분당선,환승역,,분당/9,37.510275,127.043817,서울특별시 강남구,11,11230,1168000000,1
447,214,못골역,S2602,부산도시철도 2호선,일반역,,,35.134731,129.084415,부산광역시 남구,21,21070,2629000000,0
448,214,못골역,S2602,부산도시철도 2호선,일반역,,,35.134731,129.084415,부산광역시 남구,21,21070,2629000000,0
449,215,선릉역,k0304,분당선,환승역,,분당/2,37.504479,127.048941,서울특별시 강남구,11,11230,1168000000,1
450,215,지게골역,S2602,부산도시철도 2호선,일반역,,,35.135574,129.074365,부산광역시 남구,21,21070,2629000000,0
451,215,지게골역,S2602,부산도시철도 2호선,일반역,,,35.135574,129.074365,부산광역시 남구,21,21070,2629000000,0
452,216,문현역,S2602,부산도시철도 2호선,일반역,,,35.139151,129.067399,부산광역시 남구,21,21070,2629000000,0
453,216,한티역,k0304,분당선,일반역,,,37.496208,127.052883,서울특별시 강남구,11,11230,1168000000,0
454,216,문양,S2702,대구 도시철도 2호선,일반역,,,35.864171,128.436969,대구광역시 달성군,22,22310,2771000000,0
455,216,문현역,S2602,부산도시철도 2호선,일반역,,,35.139151,129.067399,부산광역시 남구,21,21070,2629000000,0
456,217,도곡역,k0304,분당선,환승역,k0304+k0218,분당/3,37.490914,127.055393,서울특별시 강남구,11,11230,1168000000,1
457,217,국제금융센터부산은행역,S2602,부산도시철도 2호선,일반역,,,35.145817,129.066755,부산광역시 남구,21,21070,2629000000,0
458,217,국제금융센터부산은행역,S2602,부산도시철도 2호선,일반역,,,35.145817,129.066755,부산광역시 남구,21,21070,2629000000,0
459,217,다사,S2702,대구 도시철도 2호선,일반역,,,35.8649583,128.4561083,대구광역시 달성군,22,22310,2771000000,0
460,218,전포역,S2602,부산도시철도 2호선,일반역,,,35.153102,129.065374,부산광역시 부산진구,21,21050,2623000000,0
461,218,대실,S2702,대구 도시철도 2호선,일반역,,,35.8579028,128.4644392,대구광역시 달성군,22,22310,2771000000,0
462,218,구룡역,k0304,분당선,일반역,,,37.486985,127.059496,서울특별시 강남구,11,11230,1168000000,0
463,218,전포역,S2602,부산도시철도 2호선,일반역,,,35.153102,129.065374,부산광역시 부산진구,21,21050,2623000000,0
464,219,강창,S2702,대구 도시철도 2호선,일반역,,,35.8530713,128.4770843,대구광역시 달서구,22,22070,2729000000,0
465,219,서면역(2호선),S2602,부산도시철도 2호선,환승역,S2602+S2601,부산도시철도 2호선+부산도시철도 1호선,35.15774,129.059084,부산광역시 부산진구,21,21050,2623000000,2
466,219,개포동역,k0304,분당선,일반역,,,37.489112,127.066027,서울특별시 강남구,11,11230,1168000000,0
467,219,서면역(2호선),S2602,부산도시철도 2호선,환승역,S2602+S2601,부산도시철도 2호선+부산도시철도 1호선,35.15774,129.059084,부산광역시 부산진구,21,21050,2623000000,2
468,220,대모산입구역,k0304,분당선,일반역,,,37.491347,127.072702,서울특별시 강남구,11,11230,1168000000,0
469,220,부암역,S2602,부산도시철도 2호선,일반역,,,35.157444,129.050185,부산광역시 부산진구,21,21050,2623000000,0
470,220,계명대,S2702,대구 도시철도 2호선,일반역,,,35.8511654,128.4909082,대구광역시 달서구,22,22070,2729000000,0
471,220,부암역,S2602,부산도시철도 2호선,일반역,,,35.157444,129.050185,부산광역시 부산진구,21,21050,2623000000,0
472,221,성서산업단지,S2702,대구 도시철도 2호선,일반역,,,35.8516818,128.5068662,대구광역시 달서구,22,22070,2729000000,0
473,221,가야역,S2602,부산도시철도 2호선,일반역,,,35.155883,129.042817,부산광역시 부산진구,21,21050,2623000000,0
474,221,가야역,S2602,부산도시철도 2호선,일반역,,,35.155883,129.042817,부산광역시 부산진구,21,21050,2623000000,0
475,221,수서역,k0304,분당선,환승역,k0304+k0218,분당/3,37.487633,127.101118,서울특별시 강남구,11,11230,1168000000,1
476,222,동의대역,S2602,부산도시철도 2호선,일반역,,,35.153986,129.03275,부산광역시 부산진구,21,21050,2623000000,0
477,222,동의대역,S2602,부산도시철도 2호선,일반역,,,35.153986,129.03275,부산광역시 부산진구,21,21050,2623000000,0
478,222,이곡,S2702,대구 도시철도 2호선,일반역,,,35.850578,128.515776,대구광역시 달서구,22,22070,2729000000,0
479,222,복정역,k0304,분당선,환승역,k0304+k0218,분당/8,37.469753,127.126627,경기도 성남시,31,31021,4113000000,1
480,223,개금역,S2602,부산도시철도 2호선,일반역,,,35.153284,129.020533,부산광역시 부산진구,21,21050,2623000000,0
481,223,용산,S2702,대구 도시철도 2호선,일반역,,,35.849053,128.528702,대구광역시 달서구,22,22070,2729000000,0
482,223,가천대역,k0304,분당선,일반역,,,37.448784,127.126677,경기도 성남시,31,31021,4113000000,0
483,223,개금역,S2602,부산도시철도 2호선,일반역,,,35.153284,129.020533,부산광역시 부산진구,21,21050,2623000000,0
484,224,죽전,S2702,대구 도시철도 2호선,일반역,,,35.8503956,128.5381172,대구광역시 달서구,22,22070,2729000000,0
485,224,태평역,k0304,분당선,일반역,,,37.439842,127.127746,경기도 성남시,31,31021,4113000000,0
486,224,냉정역,S2602,부산도시철도 2호선,일반역,,,35.151254,129.012255,부산광역시 사상구,21,21150,2653000000,0
487,224,냉정역,S2602,부산도시철도 2호선,일반역,,,35.151254,129.012255,부산광역시 사상구,21,21150,2653000000,0
488,225,감삼,S2702,대구 도시철도 2호선,일반역,,,35.8542327,128.5477848,대구광역시 달서구,22,22070,2729000000,0
489,225,모란역,k0304,분당선,환승역,k0304+k0218,분당/8,37.432124,127.129064,경기도 성남시,31,31021,4113000000,1
490,225,주례역,S2602,부산도시철도 2호선,일반역,,,35.150508,129.003077,부산광역시 사상구,21,21150,2653000000,0
491,225,주례역,S2602,부산도시철도 2호선,일반역,,,35.150508,129.003077,부산광역시 사상구,21,21150,2653000000,0
492,226,야탑역,k0304,분당선,일반역,,,37.41132,127.128661,경기도 성남시,31,31021,4113000000,0
493,226,두류,S2702,대구 도시철도 2호선,일반역,,,35.8578873,128.5552363,대구광역시 달서구,22,22070,2729000000,0
494,226,감전역,S2602,부산도시철도 2호선,일반역,,,35.155528,128.991146,부산광역시 사상구,21,21150,2653000000,0
495,226,감전역,S2602,부산도시철도 2호선,일반역,,,35.155528,128.991146,부산광역시 사상구,21,21150,2653000000,0
496,227,사상역,S2602,부산도시철도 2호선,환승역,S2602+L4801,부산도시철도 2호선+김해경전철,35.162361,128.984621,부산광역시 사상구,21,21150,2653000000,2
497,227,사상역,S2602,부산도시철도 2호선,환승역,S2602+L4801,부산도시철도 2호선+김해경전철,35.162361,128.984621,부산광역시 사상구,21,21150,2653000000,2
498,227,이매역,k0304,분당선,환승역,k0304+k0218,분당/경강,37.395846,127.128272,경기도 성남시,31,31021,4113000000,1
499,227,내당,S2702,대구 도시철도 2호선,일반역,,,35.860139,128.564636,대구광역시 달서구,22,22070,2729000000,0
500,228,덕포역,S2602,부산도시철도 2호선,일반역,,,35.173754,128.983955,부산광역시 사상구,21,21150,2653000000,0
501,228,덕포역,S2602,부산도시철도 2호선,일반역,,,35.173754,128.983955,부산광역시 사상구,21,21150,2653000000,0
502,228,서현역,k0304,분당선,일반역,,,37.384931,127.123249,경기도 성남시,31,31021,4113000000,0
503,228,반고개,S2702,대구 도시철도 2호선,일반역,,,35.862248,128.572731,대구광역시 서구,22,22030,2717000000,0
504,229,모덕역,S2602,부산도시철도 2호선,일반역,,,35.180366,128.985621,부산광역시 사상구,21,21150,2653000000,0
505,229,청라언덕,S2702,대구 도시철도 2호선,환승역,S2702+S2703,대구 도시철도 2호선 + 대구 도시철도 3호선,35.864875,128.582358,대구광역시 중구,22,22010,2711000000,2
506,229,모덕역,S2602,부산도시철도 2호선,일반역,,,35.180366,128.985621,부산광역시 사상구,21,21150,2653000000,0
507,229,수내역,k0304,분당선,일반역,,,37.378435,127.114216,경기도 성남시,31,31021,4113000000,0
508,230,모라역,S2602,부산도시철도 2호선,일반역,,,35.189663,128.988655,부산광역시 사상구,21,21150,2653000000,0
509,230,정자역,k0304,분당선,환승역,,분당/신분당,37.366037,127.108091,경기도 성남시,31,31021,4113000000,1
510,230,반월당,S2702,대구 도시철도 2호선,환승역,S2702+S2701,대구 도시철도 2호선 + 대구 도시철도 1호선,35.865513,128.593393,대구광역시 중구,22,22010,2711000000,2
511,230,모라역,S2602,부산도시철도 2호선,일반역,,,35.189663,128.988655,부산광역시 사상구,21,21150,2653000000,0
512,231,구남역,S2602,부산도시철도 2호선,일반역,,,35.196804,128.994928,부산광역시 북구,21,21080,2632000000,0
513,231,미금역,k0304,분당선,일반역,,,37.350078,127.108952,경기도 성남시,31,31021,4113000000,0
514,231,구남역,S2602,부산도시철도 2호선,일반역,,,35.196804,128.994928,부산광역시 북구,21,21080,2632000000,0
515,231,경대병원,S2702,대구 도시철도 2호선,일반역,,,35.863183,128.602626,대구광역시 중구,22,22010,2711000000,0
516,232,구명역,S2602,부산도시철도 2호선,일반역,,,35.20252,128.999322,부산광역시 북구,21,21080,2632000000,0
517,232,오리역,k0304,분당선,일반역,,,37.339832,127.108985,경기도 성남시,31,31021,4113000000,0
518,232,대구은행,S2702,대구 도시철도 2호선,일반역,,,35.859777,128.614091,대구광역시 수성구,22,22060,2726000000,0
519,232,구명역,S2602,부산도시철도 2호선,일반역,,,35.20252,128.999322,부산광역시 북구,21,21080,2632000000,0
520,233,죽전역,k0304,분당선,일반역,,,37.324575,127.107385,경기도 용인시,31,31191,4146000000,0
521,233,덕천역(2호선),S2602,부산도시철도 2호선,환승역,S2602+S2603,부산도시철도 2호선+부산도시철도 3호선,35.210219,129.005673,부산광역시 북구,21,21080,2632000000,2
522,233,덕천역(2호선),S2602,부산도시철도 2호선,환승역,S2602+S2603,부산도시철도 2호선+부산도시철도 3호선,35.210219,129.005673,부산광역시 북구,21,21080,2632000000,2
523,233,범어,S2702,대구 도시철도 2호선,일반역,,,35.8590259,128.6238385,대구광역시 수성구,22,22060,2726000000,0
524,234,수정역,S2602,부산도시철도 2호선,일반역,,,35.223356,129.009198,부산광역시 북구,21,21080,2632000000,0
525,234,보정역,k0304,분당선,일반역,,,37.31274,127.108219,경기도 용인시,31,31191,4146000000,0
526,234,수성구청,S2702,대구 도시철도 2호선,일반역,,,35.8585726,128.6360776,대구광역시 수성구,22,22060,2726000000,0
527,234,수정역,S2602,부산도시철도 2호선,일반역,,,35.223356,129.009198,부산광역시 북구,21,21080,2632000000,0
528,235,화명역,S2602,부산도시철도 2호선,일반역,,,35.236278,129.013918,부산광역시 북구,21,21080,2632000000,0
529,235,만촌,S2702,대구 도시철도 2호선,일반역,,,35.8580984,128.6429934,대구광역시 수성구,22,22060,2726000000,0
530,235,구성역,k0304,분당선,일반역,,,37.299013,127.105664,경기도 용인시,31,31191,4146000000,0
531,235,화명역,S2602,부산도시철도 2호선,일반역,,,35.236278,129.013918,부산광역시 북구,21,21080,2632000000,0
532,236,율리역,S2602,부산도시철도 2호선,일반역,,,35.246714,129.012918,부산광역시 북구,21,21080,2632000000,0
533,236,담티,S2702,대구 도시철도 2호선,일반역,,,35.8548283,128.6517483,대구광역시 수성구,22,22060,2726000000,0
534,236,율리역,S2602,부산도시철도 2호선,일반역,,,35.246714,129.012918,부산광역시 북구,21,21080,2632000000,0
535,236,신갈역,k0304,분당선,일반역,,,37.286127,127.111311,경기도 용인시,31,31191,4146000000,0
536,237,동원역,S2602,부산도시철도 2호선,일반역,,,35.258656,129.012392,부산광역시 북구,21,21080,2632000000,0
537,237,동원역,S2602,부산도시철도 2호선,일반역,,,35.258656,129.012392,부산광역시 북구,21,21080,2632000000,0
538,237,연호,S2702,대구 도시철도 2호선,일반역,,,35.8463606,128.6712747,대구광역시 수성구,22,22060,2726000000,0
539,237,기흥역,k0304,분당선,환승역,k0304+k0218,분당/경전철,37.275657,127.115944,경기도 용인시,31,31191,4146000000,1
540,238,금곡역,S2602,부산도시철도 2호선,일반역,,,35.267248,129.016905425,부산광역시 북구,21,21080,2632000000,0
541,238,대공원,S2702,대구 도시철도 2호선,일반역,,,35.8426754,128.6797386,대구광역시 수성구,22,22060,2726000000,0
542,238,상갈역,k0304,분당선,일반역,,,37.261797,127.108718,경기도 용인시,31,31191,4146000000,0
543,238,금곡역,S2602,부산도시철도 2호선,일반역,,,35.267248,129.0169054,부산광역시 북구,21,21080,2632000000,0
544,239,청명역,k0304,분당선,일반역,,,37.259485,127.078945,경기도 수원시,31,31011,4111000000,0
545,239,호포역,S4802,부산도시철도 2호선,일반역,,,35.280406,129.017097,경상남도 양산시,38,38100,4833000000,0
546,239,호포역,S4802,부산도시철도 2호선,일반역,,,35.280406,129.017097,경상남도 양산시,38,38100,4833000000,0
547,239,고산,S2702,대구 도시철도 2호선,일반역,,,35.8428892,128.6928426,대구광역시 수성구,22,22060,2726000000,0
548,240,영통역,k0304,분당선,일반역,,,37.251521,127.071341,경기도 수원시,31,31011,4111000000,0
549,240,신매,S2702,대구 도시철도 2호선,일반역,,,35.8408467,128.7045286,대구광역시 수성구,22,22060,2726000000,0
550,240,증산역,S4802,부산도시철도 2호선,일반역,,,35.308302,129.010246,경상남도 양산시,38,38100,4833000000,0
551,240,증산역,S4802,부산도시철도 2호선,일반역,,,35.308302,129.010246,경상남도 양산시,38,38100,4833000000,0
552,241,부산대양산캠퍼스역,S4802,부산도시철도 2호선,일반역,,,35.316955,129.013940831,경상남도 양산시,38,38100,4833000000,0
553,241,망포역,k0304,분당선,일반역,,,37.245793,127.057367,경기도 수원시,31,31011,4111000000,0
554,241,부산대양산캠퍼스역,S4802,부산도시철도 2호선,일반역,,,35.316955,129.0139408,경상남도 양산시,38,38100,4833000000,0
555,241,사월,S2702,대구 도시철도 2호선,일반역,,,35.8369933,128.7134473,대구광역시 수성구,22,22060,2726000000,0
556,242,정평,S2702,대구 도시철도 2호선,일반역,,,35.8340843,128.7264743,경상북도 경산시,37,37100,4729000000,0
557,242,남양산역,S4802,부산도시철도 2호선,일반역,,,35.325359,129.019457,경상남도 양산시,38,38100,4833000000,0
558,242,매탄권선역,k0304,분당선,일반역,,,37.252458,127.040824,경기도 수원시,31,31011,4111000000,0
559,242,남양산역,S4802,부산도시철도 2호선,일반역,,,35.325359,129.019457,경상남도 양산시,38,38100,4833000000,0
560,243,임당,S2702,대구 도시철도 2호선,일반역,,,35.8343906,128.7408599,경상북도 경산시,37,37100,4729000000,0
561,243,수원시청역,k0304,분당선,일반역,,,37.261941,127.030736,경기도 수원시,31,31011,4111000000,0
562,243,양산역,S4802,부산도시철도 2호선,일반역,,,35.33872773,129.026391,경상남도 양산시,38,38100,4833000000,0
563,243,양산역,S4802,부산도시철도 2호선,일반역,,,35.3387277341,129.026391,경상남도 양산시,38,38100,4833000000,0
564,244,영남대,S2702,대구 도시철도 2호선,일반역,,,35.8363683,128.7507913,경상북도 경산시,37,37100,4729000000,0
565,244,매교역,k0304,분당선,일반역,,,37.265502,127.015657,경기도 수원시,31,31011,4111000000,0
566,245,수원(분당)역,k0304,분당선,환승역,k0304+k0201,경부/분당,37.266162,126.999821,경기도 수원시,31,31011,4111000000,1
567,246,고색,K2015,수인선,일반역,,,37.248829,126.977899,경기도 수원시,31,31011,4111000000,0
568,247,오목천,K2015,수인선,일반역,,,37.243011,126.9636354,경기도 수원시,31,31011,4111000000,0
569,248,어천,K2015,수인선,일반역,,,37.250076,126.908805,경기도 화성시,31,31240,4159000000,0
570,249,야목,K2015,수인선,일반역,,,37.261011,126.88429,경기도 화성시,31,31240,4159000000,0
571,250,사리,K2015,수인선,일반역,,,37.289982,126.856872,경기도 안산시,31,31091,4127000000,0
572,251,한대앞,K2015,수인선,환승역,K2015,수인/4,37.309685,126.853656,경기도 안산시,31,31091,4127000000,1
573,2511,방화,S1105,서울 도시철도 5호선,일반역,,,37.57729066,126.8127115,서울특별시 강서구,11,11160,1150000000,0
574,2512,개화산,S1105,서울 도시철도 5호선,일반역,,,37.57231242,126.8062885,서울특별시 강서구,11,11160,1150000000,0
575,2513,김포공항,S1105,서울 도시철도 5호선,환승역,S1109+I2801+I4103,서울 도시철도 1호선+공항선+김포골드라인,37.5622601,126.8014703,서울특별시 강서구,11,11160,1150000000,3
576,2514,송정,S1105,서울 도시철도 5호선,일반역,,,37.56115795,126.811792,서울특별시 강서구,11,11160,1150000000,0
577,2515,마곡,S1105,서울 도시철도 5호선,일반역,,,37.56025035,126.8248665,서울특별시 강서구,11,11160,1150000000,0
578,2516,발산,S1105,서울 도시철도 5호선,일반역,,,37.55848385,126.837456,서울특별시 강서구,11,11160,1150000000,0
579,2517,우장산,S1105,서울 도시철도 5호선,일반역,,,37.54886035,126.8363531,서울특별시 강서구,11,11160,1150000000,0
580,2518,화곡,S1105,서울 도시철도 5호선,일반역,,,37.54175707,126.8402952,서울특별시 강서구,11,11160,1150000000,0
581,2519,까치산,S1105,서울 도시철도 5호선,환승역,S1102,서울 도시철도 2호선,37.53168373,126.8467432,서울특별시 강서구,11,11160,1150000000,1
582,252,중앙,K2015,수인선,환승역,K2015,수인/4,37.316055,126.838532,경기도 안산시,31,31091,4127000000,1
583,2520,신정,S1105,서울 도시철도 5호선,일반역,,,37.52501081,126.8562294,서울특별시 양천구,11,11150,1147000000,0
584,2521,목동,S1105,서울 도시철도 5호선,일반역,,,37.52586671,126.8645757,서울특별시 양천구,11,11150,1147000000,0
585,2522,오목교,S1105,서울 도시철도 5호선,일반역,,,37.52436614,126.8750582,서울특별시 양천구,11,11150,1147000000,0
586,2523,양평,S1105,서울 도시철도 5호선,일반역,,,37.52558457,126.8862032,서울특별시 영등포구,11,11190,1156000000,0
587,2524,영등포구청,S1105,서울 도시철도 5호선,환승역,S1102,서울 도시철도 2호선,37.52524847,126.8958333,서울특별시 영등포구,11,11190,1156000000,1
588,2525,영등포시장,S1105,서울 도시철도 5호선,일반역,,,37.52274531,126.9047596,서울특별시 영등포구,11,11190,1156000000,0
589,2526,신길,S1105,서울 도시철도 5호선,환승역,S1101,서울 도시철도 1호선,37.51742655,126.916543,서울특별시 영등포구,11,11190,1156000000,1
590,2527,여의도,S1105,서울 도시철도 5호선,환승역,S1109,서울 도시철도 9호선,37.52165166,126.9242291,서울특별시 영등포구,11,11190,1156000000,1
591,2528,여의나루,S1105,서울 도시철도 5호선,일반역,,,37.52707204,126.9328665,서울특별시 영등포구,11,11190,1156000000,0
592,2529,마포,S1105,서울 도시철도 5호선,일반역,,,37.53956668,126.9457536,서울특별시 마포구,11,11140,1144000000,0
593,253,고잔,K2015,수인선,환승역,K2015,수인/4,37.316821,126.823094,경기도 안산시,31,31091,4127000000,1
594,2530,공덕,S1105,서울 도시철도 5호선,환승역,S1106+I4107+I2801,서울 도시철도 6호선+경의중앙선+공항선,37.54412449,126.9513584,서울특별시 마포구,11,11140,1144000000,3
595,2531,애오개,S1105,서울 도시철도 5호선,일반역,,,37.5535295,126.956632,서울특별시 마포구,11,11140,1144000000,0
596,2532,충정로,S1105,서울 도시철도 5호선,환승역,S1102,서울 도시철도 2호선,37.56022847,126.9636503,서울특별시 서대문구,11,11130,1141000000,1
597,2533,서대문,S1105,서울 도시철도 5호선,일반역,,,37.56573781,126.9665864,서울특별시 종로구,11,11010,1111000000,0
598,2534,광화문,S1105,서울 도시철도 5호선,일반역,,,37.5708165,126.9762129,서울특별시 종로구,11,11010,1111000000,0
599,2535,종로3가,S1105,서울 도시철도 5호선,환승역,S1101+S1105,서울 도시철도 1호선+서울 도시철도 5호선,37.57139366,126.9912115,서울특별시 종로구,11,11010,1111000000,2
600,2536,을지로4가,S1105,서울 도시철도 5호선,환승역,S1102,서울 도시철도 2호선,37.56702797,126.9979016,서울특별시 중구,11,11020,1114000000,1
601,2537,동대문역사문화공원,S1105,서울 도시철도 5호선,환승역,S1104+S1105,서울 도시철도 4호선+서울 도시철도 5호선,37.56507829,127.0071679,서울특별시 중구,11,11020,1114000000,2
602,2538,청구,S1105,서울 도시철도 5호선,환승역,S1106,서울 도시철도 6호선,37.56021257,127.0137698,서울특별시 중구,11,11020,1114000000,1
603,2539,신금호,S1105,서울 도시철도 5호선,일반역,,,37.55440938,127.0205515,서울특별시 성동구,11,11040,1120000000,0
604,254,초지,K2015,수인선,환승역,K2015,수인/4,37.320583,126.806151,경기도 안산시,31,31091,4127000000,1
605,2540,행당,S1105,서울 도시철도 5호선,일반역,,,37.55754312,127.0296931,서울특별시 성동구,11,11040,1120000000,0
606,2541,왕십리,S1105,서울 도시철도 5호선,환승역,S1102+I4105+I4107,서울 도시철도 2호선+분당선+경의중앙선,37.56172516,127.0369076,서울특별시 성동구,11,11040,1120000000,3
607,2542,마장,S1105,서울 도시철도 5호선,일반역,,,37.56620675,127.0429769,서울특별시 성동구,11,11040,1120000000,0
608,2543,답십리,S1105,서울 도시철도 5호선,일반역,,,37.56690598,127.0524701,서울특별시 성동구,11,11040,1120000000,0
609,2544,장한평,S1105,서울 도시철도 5호선,일반역,,,37.56153057,127.0642826,서울특별시 동대문구,11,11060,1123000000,0
610,2545,군자,S1105,서울 도시철도 5호선,환승역,S1107,서울 도시철도 7호선,37.55713392,127.079433,서울특별시 광진구,11,11050,1121500000,1
611,2546,아차산,S1105,서울 도시철도 5호선,일반역,,,37.55203633,127.0896015,서울특별시 광진구,11,11050,1121500000,0
612,2547,광나루,S1105,서울 도시철도 5호선,일반역,,,37.5450481,127.1035121,서울특별시 광진구,11,11050,1121500000,0
613,2548,천호,S1105,서울 도시철도 5호선,일반역,,,37.53842355,127.1236234,서울특별시 강동구,11,11250,1174000000,0
614,2549,강동,S1105,서울 도시철도 5호선,일반역,,,37.53587886,127.132079,서울특별시 강동구,11,11250,1174000000,0
615,255,안산,K2015,수인선,환승역,K2015,수인/4,37.327006,126.788748,경기도 안산시,31,31091,4127000000,1
616,2550,길동,S1105,서울 도시철도 5호선,일반역,,,37.53794494,127.1400433,서울특별시 강동구,11,11250,1174000000,0
617,2551,굽은다리,S1105,서울 도시철도 5호선,일반역,,,37.54537927,127.1428116,서울특별시 강동구,11,11250,1174000000,0
618,2552,명일,S1105,서울 도시철도 5호선,일반역,,,37.55149734,127.1439883,서울특별시 강동구,11,11250,1174000000,0
619,2553,고덕,S1105,서울 도시철도 5호선,일반역,,,37.55503473,127.1540785,서울특별시 강동구,11,11250,1174000000,0
620,2554,상일동,S1105,서울 도시철도 5호선,일반역,,,37.55658759,127.1652632,서울특별시 강동구,11,11250,1174000000,0
621,2555,둔촌동,S1105,서울 도시철도 5호선,일반역,,,37.52774726,127.136296,서울특별시 강동구,11,11250,1174000000,0
622,2556,올림픽공원,S1105,서울 도시철도 5호선,환승역,S1109,서울 도시철도 9호선,37.51620079,127.1308803,서울특별시 송파구,11,11240,1171000000,1
623,2557,방이,S1105,서울 도시철도 5호선,일반역,,,37.50865738,127.1260716,서울특별시 송파구,11,11240,1171000000,0
624,2558,오금,S1105,서울 도시철도 5호선,환승역,S1103,서울 도시철도 3호선,37.50196105,127.1277379,서울특별시 송파구,11,11240,1171000000,1
625,2559,개롱,S1105,서울 도시철도 5호선,일반역,,,37.49782678,127.1348328,서울특별시 송파구,11,11240,1171000000,0
626,256,신길온천,K2015,수인선,환승역,K2015,수인/4,37.337488,126.767306,경기도 안산시,31,31091,4127000000,1
627,2560,거여,S1105,서울 도시철도 5호선,일반역,,,37.49316744,127.1436672,서울특별시 송파구,11,11240,1171000000,0
628,2561,마천,S1105,서울 도시철도 5호선,일반역,,,37.49495884,127.152476,서울특별시 송파구,11,11240,1171000000,0
629,257,정왕,K2015,수인선,환승역,K2015,수인/4,37.351816,126.742844,경기도 안산시,31,31091,4127000000,1
630,258,오이도,K2015,수인선,환승역,K2015,수인/4,37.361773,126.738437,경기도 시흥시,31,31150,4139000000,1
631,259,달월역,K2015,수인선,일반역,,,37.379993,126.745431,경기도 시흥시,31,31150,4139000000,0
632,260,월곶역,K2015,수인선,일반역,,,37.39189,126.742741,경기도 시흥시,31,31150,4139000000,0
633,261,소래포구역,K2015,수인선,일반역,,,37.400963,126.733533,인천광역시 남동구,23,23050,2820000000,0
634,2611,응암,S1106,서울 도시철도 6호선,일반역,,,37.59853005,126.9155088,서울특별시 은평구,11,11120,1138000000,0
635,2612,역촌,S1106,서울 도시철도 6호선,일반역,,,37.60625985,126.9227732,서울특별시 은평구,11,11120,1138000000,0
636,2613,불광,S1106,서울 도시철도 6호선,환승역,S1103,서울 도시철도 3호선,37.61033354,126.9298281,서울특별시 은평구,11,11120,1138000000,1
637,2614,독바위,S1106,서울 도시철도 6호선,일반역,,,37.61844071,126.9329961,서울특별시 은평구,11,11120,1138000000,0
638,2615,연신내,S1106,서울 도시철도 6호선,환승역,S1103,서울 도시철도 3호선,37.61881292,126.9206158,서울특별시 은평구,11,11120,1138000000,1
639,2616,구산,S1106,서울 도시철도 6호선,일반역,,,37.61125852,126.9171923,서울특별시 은평구,11,11120,1138000000,0
640,2617,새절,S1106,서울 도시철도 6호선,일반역,,,37.59099413,126.9136601,서울특별시 은평구,11,11120,1138000000,0
641,2618,증산,S1106,서울 도시철도 6호선,일반역,,,37.58375597,126.9094115,서울특별시 은평구,11,11120,1138000000,0
642,2619,디지털미디어시티,S1106,서울 도시철도 6호선,환승역,I4107+I2801,경의중앙선+공항선,37.57663026,126.8996845,서울특별시 은평구,11,11120,1138000000,2
643,262,인천논현역,K2015,수인선,일반역,,,37.400641,126.722495,인천광역시 남동구,23,23050,2820000000,0
644,2620,월드컵경기장,S1106,서울 도시철도 6호선,일반역,,,37.56938269,126.8990612,서울특별시 마포구,11,11140,1144000000,0
645,2621,마포구청,S1106,서울 도시철도 6호선,일반역,,,37.56350657,126.9031935,서울특별시 마포구,11,11140,1144000000,0
646,2622,망원,S1106,서울 도시철도 6호선,일반역,,,37.55594386,126.9098166,서울특별시 마포구,11,11140,1144000000,0
647,2623,합정,S1106,서울 도시철도 6호선,환승역,S1102,서울 도시철도 2호선,37.54979888,126.9141239,서울특별시 마포구,11,11140,1144000000,1
648,2624,상수,S1106,서울 도시철도 6호선,일반역,,,37.54776978,126.9225838,서울특별시 마포구,11,11140,1144000000,0
649,2625,광흥창,S1106,서울 도시철도 6호선,일반역,,,37.54746977,126.9318177,서울특별시 마포구,11,11140,1144000000,0
650,2626,대흥,S1106,서울 도시철도 6호선,일반역,,,37.54766489,126.9422206,서울특별시 마포구,11,11140,1144000000,0
651,2627,공덕,S1106,서울 도시철도 6호선,환승역,S1105+I4107+I2801,서울 도시철도 5호선+경의중앙선+공항선,37.54354807,126.9518977,서울특별시 마포구,11,11140,1144000000,3
652,2628,효창공원앞,S1106,서울 도시철도 6호선,환승역,I4107,경의중앙선,37.539542,126.961371,서울특별시 용산구,11,11030,1117000000,1
653,2629,삼각지,S1106,서울 도시철도 6호선,환승역,S1104,서울 도시철도 4호선,37.53471155,126.9733777,서울특별시 용산구,11,11030,1117000000,1
654,263,호구포역,K2015,수인선,일반역,,,37.401622,126.708682,인천광역시 남동구,23,23050,2820000000,0
655,2630,녹사평,S1106,서울 도시철도 6호선,일반역,,,37.53464201,126.9867518,서울특별시 용산구,11,11030,1117000000,0
656,2631,이태원,S1106,서울 도시철도 6호선,일반역,,,37.53449861,126.994038,서울특별시 용산구,11,11030,1117000000,0
657,2632,한강진,S1106,서울 도시철도 6호선,일반역,,,37.53974445,127.0014826,서울특별시 용산구,11,11030,1117000000,0
658,2633,버티고개,S1106,서울 도시철도 6호선,일반역,,,37.54806951,127.0066086,서울특별시 중구,11,11020,1114000000,0
659,2634,약수,S1106,서울 도시철도 6호선,환승역,S1103,서울 도시철도 3호선,37.5542519,127.0104682,서울특별시 중구,11,11020,1114000000,1
660,2635,청구,S1106,서울 도시철도 6호선,환승역,S1105,서울 도시철도 5호선,37.56021257,127.0135698,서울특별시 중구,11,11020,1114000000,1
661,2636,신당,S1106,서울 도시철도 6호선,환승역,S1102,서울 도시철도 2호선,37.56582912,127.0181023,서울특별시 중구,11,11020,1114000000,1
662,2637,동묘앞,S1106,서울 도시철도 6호선,환승역,S1101,서울 도시철도 1호선,37.57226031,127.0158732,서울특별시 종로구,11,11010,1111000000,1
663,2638,창신,S1106,서울 도시철도 6호선,일반역,,,37.57934562,127.0151078,서울특별시 종로구,11,11010,1111000000,0
664,2639,보문,S1106,서울 도시철도 6호선,환승역,,우이신설,37.58543035,127.0192192,서울특별시 성북구,11,11080,1129000000,1
665,264,남동인더스파크역,K2015,수인선,일반역,,,37.407868,126.695613,인천광역시 남동구,23,23050,2820000000,0
666,2640,안암,S1106,서울 도시철도 6호선,일반역,,,37.58623045,127.0292203,서울특별시 성북구,11,11080,1129000000,0
667,2641,고려대,S1106,서울 도시철도 6호선,일반역,,,37.59033908,127.0358642,서울특별시 성북구,11,11080,1129000000,0
668,2642,월곡,S1106,서울 도시철도 6호선,일반역,,,37.6020753,127.0414221,서울특별시 성북구,11,11080,1129000000,0
669,2643,상월곡,S1106,서울 도시철도 6호선,일반역,,,37.60632242,127.0485887,서울특별시 성북구,11,11080,1129000000,0
670,2644,돌곶이,S1106,서울 도시철도 6호선,일반역,,,37.61052771,127.0564482,서울특별시 성북구,11,11080,1129000000,0
671,2645,석계,S1106,서울 도시철도 6호선,환승역,S1101,서울 도시철도 1호선,37.61498323,127.0655612,서울특별시 노원구,11,11110,1135000000,1
672,2646,태릉입구,S1106,서울 도시철도 6호선,환승역,S1107,서울 도시철도 7호선,37.61796533,127.0748937,서울특별시 노원구,11,11110,1135000000,1
673,2647,화랑대,S1106,서울 도시철도 6호선,일반역,,,37.62013061,127.0844264,서울특별시 노원구,11,11110,1135000000,0
674,2648,봉화산,S1106,서울 도시철도 6호선,일반역,,,37.61747193,127.0910857,서울특별시 중랑구,11,11070,1126000000,0
675,2649,신내,S1106,서울 도시철도 6호선,환승역,I4109,경춘선,37.61264135,127.103395,서울특별시 중랑구,11,11070,1126000000,1
676,265,원인재역,K2015,수인선,환승역,K2015,수인/인천1,37.412921,126.686952,인천광역시 연수구,23,23040,2818500000,1
677,266,연수역,K2015,수인선,일반역,,,37.417769,126.678991,인천광역시 연수구,23,23040,2818500000,0
678,267,송도역,K2015,수인선,일반역,,,37.417769,126.678991,인천광역시 연수구,23,23040,2818500000,0
679,269,인하대역,K2015,수인선,일반역,,,37.448191,126.649832,인천광역시 미추홀구,23,23090,2817700000,0
680,270,숭의역,K2015,수인선,일반역,,,37.460891,126.638035,인천광역시 미추홀구,23,23090,2817700000,0
681,271,신포역,K2015,수인선,일반역,,,37.468442,126.624509,인천광역시 중구,23,23010,2811000000,0
682,2711,장암,S1107,서울 도시철도 7호선,일반역,,,37.69984712,127.0527785,경기도 의정부시,31,31030,4115000000,0
683,2712,도봉산,S1107,서울 도시철도 7호선,환승역,S1101,서울 도시철도 1호선,37.68923188,127.0461005,서울특별시 도봉구,11,11100,1132000000,1
684,2713,수락산,S1107,서울 도시철도 7호선,일반역,,,37.67791554,127.0552343,서울특별시 노원구,11,11110,1135000000,0
685,2714,마들,S1107,서울 도시철도 7호선,일반역,,,37.66516233,127.0573337,서울특별시 노원구,11,11110,1135000000,0
686,2715,노원,S1107,서울 도시철도 7호선,환승역,S1104,서울 도시철도 4호선,37.65496036,127.0620053,서울특별시 노원구,11,11110,1135000000,1
687,2716,중계,S1107,서울 도시철도 7호선,일반역,,,37.64521691,127.0640831,서울특별시 노원구,11,11110,1135000000,0
688,2717,하계,S1107,서울 도시철도 7호선,일반역,,,37.63642687,127.0678149,서울특별시 노원구,11,11110,1135000000,0
689,2718,공릉,S1107,서울 도시철도 7호선,일반역,,,37.62551321,127.0728236,서울특별시 노원구,11,11110,1135000000,0
690,2719,태릉입구,S1107,서울 도시철도 7호선,환승역,S1106,서울 도시철도 6호선,37.61816533,127.0746937,서울특별시 노원구,11,11110,1135000000,1
691,272,인천,K2015,수인선,환승역,k0301+k2015,경인/수인,37.476364,126.616936,인천광역시 중구,23,23010,2811000000,1
692,2720,먹골,S1107,서울 도시철도 7호선,일반역,,,37.61073429,127.0775891,서울특별시 중랑구,11,11070,1126000000,0
693,2721,중화,S1107,서울 도시철도 7호선,일반역,,,37.60251645,127.079253,서울특별시 중랑구,11,11070,1126000000,0
694,2722,상봉,S1107,서울 도시철도 7호선,환승역,I4107+I4109,경의중앙선+경춘선,37.59608092,127.0853862,서울특별시 중랑구,11,11070,1126000000,2
695,2723,면목,S1107,서울 도시철도 7호선,일반역,,,37.58852412,127.0874251,서울특별시 중랑구,11,11070,1126000000,0
696,2724,사가정,S1107,서울 도시철도 7호선,일반역,,,37.58101455,127.0884688,서울특별시 중랑구,11,11070,1126000000,0
697,2725,용마산,S1107,서울 도시철도 7호선,일반역,,,37.5736549,127.0865586,서울특별시 중랑구,11,11070,1126000000,0
698,2726,중곡,S1107,서울 도시철도 7호선,일반역,,,37.56568111,127.0841504,서울특별시 광진구,11,11050,1121500000,0
699,2727,군자,S1107,서울 도시철도 7호선,환승역,S1105,서울 도시철도 5호선,37.55713392,127.079433,서울특별시 광진구,11,11050,1121500000,1
700,2728,어린이대공원,S1107,서울 도시철도 7호선,일반역,,,37.54780394,127.0745637,서울특별시 광진구,11,11050,1121500000,0
701,2729,건대입구,S1107,서울 도시철도 7호선,환승역,S1102,서울 도시철도 2호선,37.54060889,127.0698628,서울특별시 광진구,11,11050,1121500000,1
702,2730,뚝섬유원지,S1107,서울 도시철도 7호선,일반역,,,37.53125616,127.0666673,서울특별시 광진구,11,11050,1121500000,0
703,2731,청담,S1107,서울 도시철도 7호선,일반역,,,37.5195959,127.0537514,서울특별시 강남구,11,11230,1168000000,0
704,2732,강남구청,S1107,서울 도시철도 7호선,환승역,I4105,분당선,37.51714842,127.0411628,서울특별시 강남구,11,11230,1168000000,1
705,2733,학동,S1107,서울 도시철도 7호선,일반역,,,37.51428621,127.0317362,서울특별시 강남구,11,11230,1168000000,0
706,2734,논현,S1107,서울 도시철도 7호선,일반역,,,37.51118691,127.0212831,서울특별시 강남구,11,11230,1168000000,0
707,2735,반포,S1107,서울 도시철도 7호선,일반역,,,37.50820769,127.011532,서울특별시 서초구,11,11220,1165000000,0
708,2736,고속터미널,S1107,서울 도시철도 7호선,환승역,S1103+S1109,서울 도시철도 3호선+서울 도시철도 9호선,37.50436623,127.0045403,서울특별시 서초구,11,11220,1165000000,2
709,2737,내방,S1107,서울 도시철도 7호선,일반역,,,37.4875118,126.9932223,서울특별시 서초구,11,11220,1165000000,0
710,2738,이수,S1107,서울 도시철도 7호선,환승역,S1104,서울 도시철도 4호선,37.48658247,126.981745,서울특별시 동작구,11,11200,1159000000,1
711,2739,남성,S1107,서울 도시철도 7호선,일반역,,,37.48453469,126.9712351,서울특별시 동작구,11,11200,1159000000,0
712,2740,숭실대입구,S1107,서울 도시철도 7호선,일반역,,,37.4961804,126.9534722,서울특별시 동작구,11,11200,1159000000,0
713,2741,상도,S1107,서울 도시철도 7호선,일반역,,,37.50285237,126.9477417,서울특별시 동작구,11,11200,1159000000,0
714,2742,장승배기,S1107,서울 도시철도 7호선,일반역,,,37.50482108,126.9388623,서울특별시 동작구,11,11200,1159000000,0
715,2743,신대방삼거리,S1107,서울 도시철도 7호선,일반역,,,37.49968797,126.9280519,서울특별시 동작구,11,11200,1159000000,0
716,2744,보라매,S1107,서울 도시철도 7호선,일반역,,,37.49989004,126.9203052,서울특별시 동작구,11,11200,1159000000,0
717,2745,신풍,S1107,서울 도시철도 7호선,일반역,,,37.50008919,126.9098598,서울특별시 영등포구,11,11190,1156000000,0
718,2746,대림,S1107,서울 도시철도 7호선,환승역,S1102,서울 도시철도 2호선,37.49307207,126.8959105,서울특별시 영등포구,11,11190,1156000000,1
719,2747,남구로,S1107,서울 도시철도 7호선,일반역,,,37.48613283,126.8873355,서울특별시 구로구,11,11170,1153000000,0
720,2748,가산디지털단지,S1107,서울 도시철도 7호선,환승역,S1101,서울 도시철도 1호선,37.48121776,126.8825816,서울특별시 금천구,11,11180,1154500000,1
721,2749,철산,S1107,서울 도시철도 7호선,일반역,,,37.47611739,126.8680062,경기도 광명시,31,31060,4121000000,0
722,2750,광명사거리,S1107,서울 도시철도 7호선,일반역,,,37.47941898,126.8547278,경기도 광명시,31,31060,4121000000,0
723,2751,천왕,S1107,서울 도시철도 7호선,일반역,,,37.48661459,126.8386245,서울특별시 구로구,11,11170,1153000000,0
724,2752,온수,S1107,서울 도시철도 7호선,환승역,S1101,서울 도시철도 1호선,37.49215924,126.8237047,서울특별시 구로구,11,11170,1153000000,1
725,2753,까치울,S1107,서울 도시철도 7호선,일반역,,,37.50632983,126.8113309,경기도 부천시,31,31050,4119000000,0
726,2754,부천종합운동장,S1107,서울 도시철도 7호선,일반역,,,37.50544153,126.7972468,경기도 부천시,31,31050,4119000000,0
727,2755,춘의,S1107,서울 도시철도 7호선,일반역,,,37.50372821,126.7868467,경기도 부천시,31,31050,4119000000,0
728,2756,신중동,S1107,서울 도시철도 7호선,일반역,,,37.50308369,126.776328,경기도 부천시,31,31050,4119000000,0
729,2757,부천시청,S1107,서울 도시철도 7호선,일반역,,,37.50454132,126.7637332,경기도 부천시,31,31050,4119000000,0
730,2758,상동,S1107,서울 도시철도 7호선,일반역,,,37.50570416,126.7529908,경기도 부천시,31,31050,4119000000,0
731,2759,삼산체육관,S1107,서울 도시철도 7호선,일반역,,,37.50636043,126.7417749,인천광역시 부평구,23,23060,2823700000,0
732,2760,굴포천,S1107,서울 도시철도 7호선,일반역,,,37.50708334,126.7311071,인천광역시 부평구,23,23060,2823700000,0
733,2761,부평구청,S1107,서울 도시철도 7호선,환승역,S2801,인천 도시철도 1호선,37.50795782,126.7211284,인천광역시 부평구,23,23060,2823700000,1
734,2811,암사,S1108,서울 도시철도 8호선,일반역,,,37.54997529,127.1274183,서울특별시 강동구,11,11250,1174000000,0
735,2812,천호,S1108,서울 도시철도 8호선,환승역,S1105,서울 도시철도 5호선,37.53842355,127.1236234,서울특별시 강동구,11,11250,1174000000,1
736,2813,강동구청,S1108,서울 도시철도 8호선,일반역,,,37.53047081,127.1202691,서울특별시 강동구,11,11250,1174000000,0
737,2814,몽촌토성,S1108,서울 도시철도 8호선,일반역,,,37.51742473,127.1123921,서울특별시 송파구,11,11240,1171000000,0
738,2815,잠실,S1108,서울 도시철도 8호선,환승역,S1102,서울 도시철도 2호선,37.51386481,127.1024965,서울특별시 송파구,11,11240,1171000000,1
739,2816,석촌,S1108,서울 도시철도 8호선,환승역,S1109,서울 도시철도 9호선,37.50535113,127.1069303,서울특별시 송파구,11,11240,1171000000,1
740,2817,송파,S1108,서울 도시철도 8호선,일반역,,,37.4997227,127.1118647,서울특별시 송파구,11,11240,1171000000,0
741,2818,가락시장,S1108,서울 도시철도 8호선,환승역,S1103,서울 도시철도 3호선,37.49292332,127.1180741,서울특별시 송파구,11,11240,1171000000,1
742,2819,문정,S1108,서울 도시철도 8호선,일반역,,,37.4859849,127.1222272,서울특별시 송파구,11,11240,1171000000,0
743,2820,장지,S1108,서울 도시철도 8호선,일반역,,,37.47839756,127.1260529,서울특별시 송파구,11,11240,1171000000,0
744,2821,복정,S1108,서울 도시철도 8호선,환승역,I4105,분당선,37.47008981,127.1264714,서울특별시 송파구,11,11240,1171000000,1
745,2822,산성,S1108,서울 도시철도 8호선,일반역,,,37.45668074,127.1498131,경기도 성남시,31,31021,4113000000,0
746,2823,남한산성입구,S1108,서울 도시철도 8호선,일반역,,,37.45156254,127.1597963,경기도 성남시,31,31021,4113000000,0
747,2824,단대오거리,S1108,서울 도시철도 8호선,일반역,,,37.44512808,127.1566517,경기도 성남시,31,31021,4113000000,0
748,2825,신흥,S1108,서울 도시철도 8호선,일반역,,,37.44088706,127.1473884,경기도 성남시,31,31021,4113000000,0
749,2826,수진,S1108,서울 도시철도 8호선,일반역,,,37.43732537,127.1406475,경기도 성남시,31,31021,4113000000,0
750,2827,모란,S1108,서울 도시철도 8호선,환승역,I4105,분당선,37.43291644,127.1294298,경기도 성남시,31,31021,4113000000,1
751,301,수영역(3호선),S2603,부산도시철도 3호선,환승역,S2603+S2602,부산도시철도 3호선+부산도시철도 2호선,35.167753,129.11459,부산광역시 수영구,21,21140,2650000000,2
752,302,망미역,S2603,부산도시철도 3호선,일반역,,,35.171528,129.108225,부산광역시 수영구,21,21140,2650000000,0
753,303,배산역,S2603,부산도시철도 3호선,일반역,,,35.173504,129.095498,부산광역시 연제구,21,21130,2647000000,0
754,304,물만골역,S2603,부산도시철도 3호선,일반역,,,35.176808,129.085748,부산광역시 연제구,21,21130,2647000000,0
755,305,연산역(3호선),S2603,부산도시철도 3호선,환승역,S2603+S2601,부산도시철도 3호선+부산도시철도 1호선,35.186173,129.081526,부산광역시 연제구,21,21130,2647000000,2
756,306,거제역,S2603,부산도시철도 3호선,일반역,,,35.188589,129.073941,부산광역시 연제구,21,21130,2647000000,0
757,307,종합운동장역,S2603,부산도시철도 3호선,일반역,,,35.19125,129.067504,부산광역시 연제구,21,21130,2647000000,0
758,308,사직역,S2603,부산도시철도 3호선,일반역,,,35.198998,129.064996,부산광역시 동래구,21,21060,2626000000,0
759,309,대화역,k0305,일산선,일반역,,,37.675883,126.747756,경기도 고양시,31,31101,4128000000,0
760,309,미남역(3호선),S2603,부산도시철도 3호선,환승역,S2603+S2604,부산도시철도 3호선+부산도시철도 4호선,35.205503,129.068061,부산광역시 동래구,21,21060,2626000000,2
761,310,주엽역,k0305,일산선,일반역,,,37.670138,126.761232,경기도 고양시,31,31101,4128000000,0
762,310,만덕역,S2603,부산도시철도 3호선,일반역,,,35.213,129.036527,부산광역시 북구,21,21080,2632000000,0
763,311,효창공원앞역,k2031,경의중앙선,환승역,,경의중앙/6,37.539289,126.961339,서울특별시 용산구,11,11030,1117000000,1
764,311,남산정역,S2603,부산도시철도 3호선,일반역,,,35.21334,129.023928,부산광역시 북구,21,21080,2632000000,0
765,311,정발산역,k0305,일산선,일반역,,,37.659709,126.773254,경기도 고양시,31,31101,4128000000,0
766,3110,계양,S2801,인천지하철 1호선,환승역,I2801+S2801,공항철도,37.571539,126.736319,인천광역시 계양구,23,23070,2824500000,1
767,3111,귤현,S2801,인천지하철 1호선,일반역,-,-,37.566362,126.742498,인천광역시 계양구,23,23070,2824500000,0
768,3112,박촌,S2801,인천지하철 1호선,일반역,-,-,37.553525,126.744946,인천광역시 계양구,23,23070,2824500000,0
769,3113,임학,S2801,인천지하철 1호선,일반역,-,-,37.545058,126.738642,인천광역시 계양구,23,23070,2824500000,0
770,3114,계산,S2801,인천지하철 1호선,일반역,-,-,37.543243,126.728436,인천광역시 계양구,23,23070,2824500000,0
771,3115,경인교대입구,S2801,인천지하철 1호선,일반역,-,-,37.538272,126.722603,인천광역시 계양구,23,23070,2824500000,0
772,3116,작전,S2801,인천지하철 1호선,일반역,-,-,37.530271,126.722548,인천광역시 계양구,23,23070,2824500000,0
773,3117,갈산,S2801,인천지하철 1호선,일반역,-,-,37.517124,126.721566,인천광역시 부평구,23,23060,2823700000,0
774,3118,부평구청,S2801,인천지하철 1호선,환승역,I2801+S1107,7호선,37.508768,126.720547,인천광역시 부평구,23,23060,2823700000,1
775,3119,부평시장,S2801,인천지하철 1호선,일반역,-,-,37.498495,126.722282,인천광역시 부평구,23,23060,2823700000,0
776,312,숙등역,S2603,부산도시철도 3호선,일반역,,,35.21197,129.012749,부산광역시 북구,21,21080,2632000000,0
777,312,칠곡경대병원,S2703,대구 도시철도 3호선,일반역,,,35.9583939,128.5599142,대구광역시 북구,22,22050,2723000000,0
778,312,마두역,k0305,일산선,일반역,,,37.652185,126.777641,경기도 고양시,31,31101,4128000000,0
779,312,공덕역,k0203,경의중앙선,환승역,,5/6/경의중앙,37.542611,126.952134,서울특별시 마포구,11,11140,1144000000,1
780,3120,부평,S2801,인천지하철 1호선,환승역,I2801+I1101,1호선,37.490541,126.723437,인천광역시 부평구,23,23060,2823700000,1
781,3121,동수,S2801,인천지하철 1호선,일반역,-,-,37.485409,126.718464,인천광역시 부평구,23,23060,2823700000,0
782,3122,부평삼거리,S2801,인천지하철 1호선,일반역,-,-,37.478267,126.710494,인천광역시 부평구,23,23060,2823700000,0
783,3123,간석오거리,S2801,인천지하철 1호선,일반역,-,-,37.466921,126.707861,인천광역시 남동구,23,23050,2820000000,0
784,3124,인천시청,S2801,인천지하철 1호선,일반역,-,-,37.457615,126.702216,인천광역시 남동구,23,23050,2820000000,0
785,3125,예술회관,S2801,인천지하철 1호선,일반역,-,-,37.449334,126.700991,인천광역시 남동구,23,23050,2820000000,0
786,3126,인천터미널,S2801,인천지하철 1호선,일반역,-,-,37.441917,126.699727,인천광역시 미추홀구,23,23090,2817700000,0
787,3127,문학경기장,S2801,인천지하철 1호선,일반역,-,-,37.434964,126.698373,인천광역시 연수구,23,23040,2818500000,0
788,3128,선학,S2801,인천지하철 1호선,일반역,-,-,37.426985,126.698872,인천광역시 연수구,23,23040,2818500000,0
789,3129,신연수,S2801,인천지하철 1호선,일반역,-,-,37.418032,126.693853,인천광역시 연수구,23,23040,2818500000,0
790,313,서강대역,k0203,경의중앙선,일반역,,,37.552132,126.935389,서울특별시 마포구,11,11140,1144000000,0
791,313,덕천역(3호선),S2603,부산도시철도 3호선,환승역,S2603+S2602,부산도시철도 3호선+부산도시철도 2호선,35.210215,129.005671,부산광역시 북구,21,21080,2632000000,2
792,313,학 정,S2703,대구 도시철도 3호선,일반역,,,35.951577,128.5591956,대구광역시 북구,22,22050,2723000000,0
793,313,서울역(경의선),k0203,경의중앙선,환승역,,경의/1/4,37.554713,126.970787,서울특별시 용산구,11,11030,1117000000,1
794,313,백석역,k0305,일산선,일반역,,,37.642973,126.788109,경기도 고양시,31,31101,4128000000,0
795,3130,원인재,S2801,인천지하철 1호선,환승역,I2801+I2802,수인선,37.412364,126.687893,인천광역시 연수구,23,23040,2818500000,1
796,3131,동춘,S2801,인천지하철 1호선,일반역,-,-,37.404676,126.680835,인천광역시 연수구,23,23040,2818500000,0
797,3132,동막,S2801,인천지하철 1호선,일반역,-,-,37.398173,126.673561,인천광역시 연수구,23,23040,2818500000,0
798,3133,캠퍼스타운,S2801,인천지하철 1호선,일반역,-,-,37.388209,126.661985,인천광역시 연수구,23,23040,2818500000,0
799,3134,테크노파크,S2801,인천지하철 1호선,일반역,-,-,37.382311,126.656355,인천광역시 연수구,23,23040,2818500000,0
800,3135,지식정보단지,S2801,인천지하철 1호선,일반역,-,-,37.378021,126.645412,인천광역시 연수구,23,23040,2818500000,0
801,3136,인천대입구,S2801,인천지하철 1호선,일반역,-,-,37.386239,126.639351,인천광역시 연수구,23,23040,2818500000,0
802,3137,센트럴파크,S2801,인천지하철 1호선,일반역,-,-,37.392833,126.635002,인천광역시 연수구,23,23040,2818500000,0
803,3138,국제업무지구,S2801,인천지하철 1호선,일반역,-,-,37.400464,126.630094,인천광역시 연수구,23,23040,2818500000,0
804,314,신촌역,k0203,경의중앙선,일반역,,,37.559768,126.942308,서울특별시 서대문구,11,11130,1141000000,0
805,314,구포역,S2603,부산도시철도 3호선,일반역,,,35.206697,128.996366,부산광역시 북구,21,21080,2632000000,0
806,314,홍대입구역,k2031,경의중앙선,환승역,,2/공항/경의중앙,37.55808,126.925533,서울특별시 마포구,11,11140,1144000000,1
807,314,팔 거,S2703,대구 도시철도 3호선,일반역,,,35.944126,128.5583539,대구광역시 북구,22,22050,2723000000,0
808,315,강서구청역,S2603,부산도시철도 3호선,일반역,,,35.211247,128.981756,부산광역시 강서구,21,21120,2644000000,0
809,315,가좌역,k0203,경의중앙선,환승역,,,37.568611,126.914841,서울특별시 서대문구,11,11130,1141000000,0
810,315,화정역,k0305,일산선,일반역,,,37.637837,126.832503,경기도 고양시,31,31101,4128000000,0
811,315,동 천,S2703,대구 도시철도 3호선,일반역,,,35.9377071,128.5566602,대구광역시 북구,22,22050,2723000000,0
812,316,원당역,k0305,일산선,일반역,,,37.653103,126.842891,경기도 고양시,31,31101,4128000000,0
813,316,디지털미디어시티역,k0203,경의중앙선,환승역,,6/공항/경의중앙,37.577964,126.900421,서울특별시 은평구,11,11120,1138000000,1
814,316,체육공원역,S2603,부산도시철도 3호선,일반역,,,35.212577,128.9696515,부산광역시 강서구,21,21120,2644000000,0
815,316,칠곡운암,S2703,대구 도시철도 3호선,일반역,,,35.9314868,128.5545711,대구광역시 북구,22,22050,2723000000,0
816,317,원흥역,k0305,일산선,일반역,,,37.650709,126.873239,경기도 고양시,31,31101,4128000000,0
817,317,대저역,S2603,부산도시철도 3호선,일반역,,,35.213386,128.961048803,부산광역시 강서구,21,21120,2644000000,0
818,317,수색역,k0203,경의중앙선,일반역,,,37.580855,126.895681,서울특별시 은평구,11,11120,1138000000,0
819,317,구 암,S2703,대구 도시철도 3호선,일반역,,,35.9257608,128.5504075,대구광역시 북구,22,22050,2723000000,0
820,318,삼송역,k0305,일산선,일반역,,,37.653096,126.895559,경기도 고양시,31,31101,4128000000,0
821,318,화전역,k0203,경의중앙선,일반역,,,37.637837,126.832503,경기도 고양시,31,31101,4128000000,0
822,318,태 전,S2703,대구 도시철도 3호선,일반역,,,35.9197078,128.5474952,대구광역시 북구,22,22050,2723000000,0
823,319,매 천,S2703,대구 도시철도 3호선,일반역,,,35.9127328,128.5433793,대구광역시 북구,22,22050,2723000000,0
824,319,강매역,k0203,경의중앙선,일반역,,,37.612596,126.845437,경기도 고양시,31,31101,4128000000,0
825,319,지축역,k0305,일산선,일반역,,,37.648114,126.913746,경기도 고양시,31,31101,4128000000,0
826,320,매천시장,S2703,대구 도시철도 3호선,일반역,,,35.9044626,128.5457614,대구광역시 북구,22,22050,2723000000,0
827,320,행신역,k0203,경의중앙선,일반역,,,37.612125,126.834063,경기도 고양시,31,31101,4128000000,0
828,3201,검단오류,S2802,인천지하철 2호선,일반역,-,-,37.595162,126.629206,인천광역시 서구,23,23080,2826000000,0
829,3202,왕길,S2802,인천지하철 2호선,일반역,-,-,37.592191,126.642284,인천광역시 서구,23,23080,2826000000,0
830,3203,검단사거리,S2802,인천지하철 2호선,일반역,-,-,37.601693,126.656545,인천광역시 서구,23,23080,2826000000,0
831,3204,마전,S2802,인천지하철 2호선,일반역,-,-,37.597756,126.667195,인천광역시 서구,23,23080,2826000000,0
832,3205,완정,S2802,인천지하철 2호선,일반역,-,-,37.592867,126.672961,인천광역시 서구,23,23080,2826000000,0
833,3206,독정,S2802,인천지하철 2호선,일반역,-,-,37.584927,126.675981,인천광역시 서구,23,23080,2826000000,0
834,3207,검암,S2802,인천지하철 2호선,환승역,I2802+S2801,공항철도,37.568611,126.671221,인천광역시 서구,23,23080,2826000000,1
835,3208,검바위,S2802,인천지하철 2호선,일반역,-,-,37.561091,126.677529,인천광역시 서구,23,23080,2826000000,0
836,3209,아시아드경기장,S2802,인천지하철 2호선,일반역,-,-,37.551373,126.677075,인천광역시 서구,23,23080,2826000000,0
837,321,능곡역,k0203,경의중앙선,일반역,,,37.618741,126.820845,경기도 고양시,31,31101,4128000000,0
838,321,팔 달,S2703,대구 도시철도 3호선,일반역,,,35.8978498,128.5467575,대구광역시 북구,22,22050,2723000000,0
839,3210,서구청,S2802,인천지하철 2호선,일반역,-,-,37.543839,126.676795,인천광역시 서구,23,23080,2826000000,0
840,3211,가정(루원시티),S2802,인천지하철 2호선,일반역,-,-,37.524805,126.675387,인천광역시 서구,23,23080,2826000000,0
841,3212,가정중앙시장,S2802,인천지하철 2호선,일반역,-,-,37.517511,126.676784,인천광역시 서구,23,23080,2826000000,0
842,3213,석남(거북시장),S2802,인천지하철 2호선,일반역,-,-,37.507211,126.676304,인천광역시 서구,23,23080,2826000000,0
843,3214,서부여성회관,S2802,인천지하철 2호선,일반역,-,-,37.500298,126.675875,인천광역시 서구,23,23080,2826000000,0
844,3215,인천가좌,S2802,인천지하철 2호선,일반역,-,-,37.493762,126.675465,인천광역시 서구,23,23080,2826000000,0
845,3216,가재울,S2802,인천지하철 2호선,일반역,-,-,37.484152,126.683883,인천광역시 서구,23,23080,2826000000,0
846,3217,주안국가산단,S2802,인천지하철 2호선,일반역,-,-,37.473599,126.681702,인천광역시 서구,23,23080,2826000000,0
847,3218,주안,S2802,인천지하철 2호선,환승역,I2802+I1101,경인선,37.465517,126.680441,인천광역시 미추홀구,23,23090,2817700000,1
848,3219,시민공원,S2802,인천지하철 2호선,일반역,-,-,37.458739,126.680091,인천광역시 미추홀구,23,23090,2817700000,0
849,322,대곡역,k0203,경의중앙선,환승역,k0203+k0305,일산/경의중앙,37.631629,126.811025,경기도 고양시,31,31101,4128000000,1
850,322,공 단,S2703,대구 도시철도 3호선,일반역,,,35.8919855,128.5536204,대구광역시 북구,22,22050,2723000000,0
851,3220,석바위시장,S2802,인천지하철 2호선,일반역,-,-,37.457659,126.692387,인천광역시 미추홀구,23,23090,2817700000,0
852,3221,인천시청,S2802,인천지하철 2호선,환승역,I2802+I2801,인천1호선,37.456904,126.701523,인천광역시 남동구,23,23050,2820000000,1
853,3222,석천사거리,S2802,인천지하철 2호선,일반역,-,-,37.4569323,126.710383,인천광역시 남동구,23,23050,2820000000,0
854,3223,모래내시장,S2802,인천지하철 2호선,일반역,-,-,37.455842,126.719578,인천광역시 남동구,23,23050,2820000000,0
855,3224,만수,S2802,인천지하철 2호선,일반역,-,-,37.454962,126.731764,인천광역시 남동구,23,23050,2820000000,0
856,3225,남동구청,S2802,인천지하철 2호선,일반역,-,-,37.448179,123.736581,인천광역시 남동구,23,23050,2820000000,0
857,3226,인천대공원,S2802,인천지하철 2호선,일반역,-,-,37.448475,126.753051,인천광역시 남동구,23,23050,2820000000,0
858,3227,운연,S2802,인천지하철 2호선,일반역,-,-,37.437924,126.759409,인천광역시 남동구,23,23050,2820000000,0
859,323,만 평,S2703,대구 도시철도 3호선,일반역,,,35.8898678,128.561021,대구광역시 북구,22,22050,2723000000,0
860,323,곡산역,k0203,경의중앙선,일반역,,,37.645729,126.801877,경기도 고양시,31,31101,4128000000,0
861,324,팔달시장,S2703,대구 도시철도 3호선,일반역,,,35.8888598,128.567844,대구광역시 북구,22,22050,2723000000,0
862,324,백마역,k0203,경의중앙선,일반역,,,37.658346,126.794401,경기도 고양시,31,31101,4128000000,0
863,325,풍산역,k0203,경의중앙선,일반역,,,37.672173,126.786355,경기도 고양시,31,31101,4128000000,0
864,325,원 대,S2703,대구 도시철도 3호선,일반역,,,35.8878671,128.5742706,대구광역시 서구,22,22030,2717000000,0
865,326,일산역,k0203,경의중앙선,일반역,,,37.682231,126.769521,경기도 고양시,31,31101,4128000000,0
866,326,북구청,S2703,대구 도시철도 3호선,일반역,,,35.8838928,128.5814795,대구광역시 서구,22,22030,2717000000,0
867,327,탄현역,k0203,경의중앙선,일반역,,,37.694114,126.761075,경기도 고양시,31,31101,4128000000,0
868,327,달성공원,S2703,대구 도시철도 3호선,일반역,,,35.875779,128.5820904,대구광역시 중구,22,22010,2711000000,0
869,328,서문시장,S2703,대구 도시철도 3호선,일반역,,,35.8697503,128.5822416,대구광역시 중구,22,22010,2711000000,0
870,328,야당역,k0203,경의중앙선,일반역,,,37.712749,126.761535,경기도 파주시,31,31200,4148000000,0
871,329,운정역,k0203,경의중앙선,일반역,,,37.725441,126.767076,경기도 파주시,31,31200,4148000000,0
872,329,청라언덕,S2703,대구 도시철도 3호선,환승역,S2703+S2702,대구 도시철도 3호선 + 대구 도시철도 2호선,35.8642709,128.5823466,대구광역시 중구,22,22010,2711000000,2
873,330,금릉역,k0203,경의중앙선,일반역,,,37.751295,126.765401,경기도 파주시,31,31200,4148000000,0
874,330,남 산,S2703,대구 도시철도 3호선,일반역,,,35.8566997,128.5833577,대구광역시 중구,22,22010,2711000000,0
875,331,명 덕,S2703,대구 도시철도 3호선,환승역,S2703+S2701,대구 도시철도 3호선 + 대구 도시철도 1호선,35.8569753,128.5900125,대구광역시 남구,22,22040,2720000000,2
876,331,금촌역,k0203,경의중앙선,일반역,,,37.766106,126.774515,경기도 파주시,31,31200,4148000000,0
877,332,건들바위,S2703,대구 도시철도 3호선,일반역,,,35.8554168,128.599626,대구광역시 남구,22,22040,2720000000,0
878,333,월롱역,k0203,경의중앙선,일반역,,,37.796201,126.792574,경기도 파주시,31,31200,4148000000,0
879,333,대봉교,S2703,대구 도시철도 3호선,일반역,,,35.8550055,128.6063579,대구광역시 남구,22,22040,2720000000,0
880,334,수성시장,S2703,대구 도시철도 3호선,일반역,,,35.8543308,128.6160342,대구광역시 수성구,22,22060,2726000000,0
881,334,파주역,k0203,경의중앙선,일반역,,,37.815391,126.792426,경기도 파주시,31,31200,4148000000,0
882,335,수성구민운동장,S2703,대구 도시철도 3호선,일반역,,,35.852561,128.6250845,대구광역시 수성구,22,22060,2726000000,0
883,335,문산역,k0203,경의중앙선,일반역,,,37.854565,126.787531,경기도 파주시,31,31200,4148000000,0
884,336,임진강역,k0203,경의중앙선,일반역,,,37.888364,126.746777,경기도 파주시,31,31200,4148000000,0
885,336,어린이회관,S2703,대구 도시철도 3호선,일반역,,,35.8452121,128.6244688,대구광역시 수성구,22,22060,2726000000,0
886,337,황 금,S2703,대구 도시철도 3호선,일반역,,,35.8391104,128.6239718,대구광역시 수성구,22,22060,2726000000,0
887,338,수성못,S2703,대구 도시철도 3호선,일반역,,,35.8313624,128.6231984,대구광역시 수성구,22,22060,2726000000,0
888,339,지 산,S2703,대구 도시철도 3호선,일반역,,,35.8251707,128.631909,대구광역시 수성구,22,22060,2726000000,0
889,340,범 물,S2703,대구 도시철도 3호선,일반역,,,35.8208443,128.6400962,대구광역시 수성구,22,22060,2726000000,0
890,341,용 지,S2703,대구 도시철도 3호선,일반역,,,35.8182735,128.6465169,대구광역시 수성구,22,22060,2726000000,0
891,401,미남역(4호선),S2604,부산도시철도 4호선,환승역,S2604+S2603,부산도시철도 4호선+부산도시철도 3호선,35.207116,129.069172,부산광역시 동래구,21,21060,2626000000,2
892,402,동래역(4호선),S2604,부산도시철도 4호선,환승역,S2604+S2601,부산도시철도 4호선+부산도시철도 1호선,35.204834,129.077082,부산광역시 동래구,21,21060,2626000000,2
893,403,수안역,S2604,부산도시철도 4호선,일반역,,,35.201828,129.083806,부산광역시 동래구,21,21060,2626000000,0
894,404,낙민역,S2604,부산도시철도 4호선,일반역,,,35.200254,129.090774,부산광역시 동래구,21,21060,2626000000,0
895,405,충렬사역,S2604,부산도시철도 4호선,일반역,,,35.199859,129.097636,부산광역시 동래구,21,21060,2626000000,0
896,406,명장역,S2604,부산도시철도 4호선,일반역,,,35.205143,129.101517,부산광역시 동래구,21,21060,2626000000,0
897,407,서동역,S2604,부산도시철도 4호선,일반역,,,35.213333,129.107683,부산광역시 금정구,21,21110,2641000000,0
898,408,금사역,S2604,부산도시철도 4호선,일반역,,,35.215829,129.115153,부산광역시 금정구,21,21110,2641000000,0
899,409,반여농산물시장역,S2604,부산도시철도 4호선,일반역,,,35.217779,129.124061,부산광역시 해운대구,21,21090,2635000000,0
900,410,부전역,k0211,동해선,일반역,,,35.164668,129.06011,부산광역시 부산진구,21,21050,2623000000,0
901,410,석대역,S2604,부산도시철도 4호선,일반역,,,35.218111615,129.137179,부산광역시 해운대구,21,21090,2635000000,0
902,410,판교역,k0218,경강선,환승역,k0304+k0218,경강/신분당,37.394798,127.111135,경기도 성남시,31,31021,4113000000,1
903,411,거제해맞이역,k0211,동해선,환승역,,부산지하철3호선,35.182197,129.069315,부산광역시 연제구,21,21130,2647000000,1
904,411,영산대역,S2604,부산도시철도 4호선,일반역,,,35.225777,129.146149,부산광역시 해운대구,21,21090,2635000000,0
905,412,삼동역,k0218,경강선,일반역,,,37.408731,127.203447,경기도 광주시,31,31250,4161000000,0
906,412,동부산대학역,S2604,부산도시철도 4호선,일반역,,,35.232506,129.154024,부산광역시 해운대구,21,21090,2635000000,0
907,412,거제역,k0211,동해선,일반역,,,35.188587,129.073904,부산광역시 연제구,21,21130,2647000000,0
908,4126,언주,S1109,서울 도시철도 9호선,일반역,,,37.50744596,127.0342849,서울특별시 강남구,11,11230,1168000000,0
909,4127,선정릉,S1109,서울 도시철도 9호선,환승역,I4105,분당선,37.51085355,127.043641,서울특별시 강남구,11,11230,1168000000,1
910,4128,삼성중앙,S1109,서울 도시철도 9호선,일반역,,,37.51288248,127.052705,서울특별시 강남구,11,11230,1168000000,0
911,4129,봉은사,S1109,서울 도시철도 9호선,일반역,,,37.51436096,127.0608922,서울특별시 강남구,11,11230,1168000000,0
912,413,고촌역,S2604,부산도시철도 4호선,일반역,,,35.236031,129.160443699,부산광역시 기장군,21,21310,2671000000,0
913,413,경기광주역,k0218,경강선,일반역,,,37.398974,127.253201,경기도 광주시,31,31250,4161000000,0
914,413,교대역,k0211,동해선,환승역,,부산지하철1호선,37.492975,127.013814,부산광역시 연제구,21,21130,2647000000,1
915,4130,종합운동장,S1109,서울 도시철도 9호선,환승역,S1102,서울 도시철도 2호선,37.51096913,127.0733558,서울특별시 송파구,11,11240,1171000000,1
916,4131,삼전,S1109,서울 도시철도 9호선,일반역,,,37.50474464,127.0877814,서울특별시 송파구,11,11240,1171000000,0
917,4132,석촌고분,S1109,서울 도시철도 9호선,일반역,,,37.50202826,127.0966224,서울특별시 송파구,11,11240,1171000000,0
918,4133,석촌,S1109,서울 도시철도 9호선,환승역,S1108,서울 도시철도 8호선,37.50594926,127.1063458,서울특별시 송파구,11,11240,1171000000,1
919,4134,송파나루,S1109,서울 도시철도 9호선,일반역,,,37.51012026,127.1131234,서울특별시 송파구,11,11240,1171000000,0
920,4135,한성백제,S1109,서울 도시철도 9호선,일반역,,,37.51686537,127.118185,서울특별시 송파구,11,11240,1171000000,0
921,4136,올림픽공원,S1109,서울 도시철도 9호선,환승역,S1105,서울 도시철도 5호선,37.51608795,127.1306004,서울특별시 송파구,11,11240,1171000000,1
922,4137,둔촌오륜,S1109,서울 도시철도 9호선,일반역,,,37.51797547,127.1401702,서울특별시 송파구,11,11240,1171000000,0
923,4138,중앙보훈병원,S1109,서울 도시철도 9호선,일반역,,,37.52961418,127.142757,서울특별시 강동구,11,11250,1174000000,0
924,414,초월역,k0218,경강선,일반역,,,37.373389,127.299996,경기도 광주시,31,31250,4161000000,0
925,414,안평역,S2604,부산도시철도 4호선,일반역,,,35.237363,129.171823,부산광역시 기장군,21,21310,2671000000,0
926,414,동래역,k0211,동해선,일반역,,,35.205614,129.078502,부산광역시 동래구,21,21060,2626000000,0
927,415,안락역,k0211,동해선,일반역,,,35.195907,129.101062,부산광역시 동래구,21,21060,2626000000,0
928,415,곤지암역,k0218,경강선,일반역,,,37.350525,127.346186,경기도 광주시,31,31250,4161000000,0
929,416,신둔도예촌역,k0218,경강선,일반역,,,37.315499,127.405251,경기도 이천시,31,31210,4150000000,0
930,417,재송역,k0211,동해선,일반역,,,35.189,129.120919,부산광역시 해운대구,21,21090,2635000000,0
931,417,이천역,k0218,경강선,일반역,,,37.264222,127.442135,경기도 이천시,31,31210,4150000000,0
932,418,센텀역,k0211,동해선,일반역,,,35.168921,129.131659,부산광역시 해운대구,21,21090,2635000000,0
933,418,부발역,k0218,경강선,일반역,,,37.260411,127.490303,경기도 이천시,31,31210,4150000000,0
934,419,벡스코역,k0211,동해선,환승역,,부산지하철2호선,35.16899,129.13868,부산광역시 해운대구,21,21090,2635000000,1
935,419,세종대왕릉역,k0218,경강선,일반역,,,37.293636,127.570764,경기도 여주시,31,31280,4167000000,0
936,420,여주역,k0218,경강선,일반역,,,37.282881,127.628571,경기도 여주시,31,31280,4167000000,0
937,420,신해운대역,k0211,동해선,일반역,,,35.181832,129.176696,부산광역시 해운대구,21,21090,2635000000,0
938,421,송정역,k0211,동해선,일반역,,,35.137559,126.791535,부산광역시 해운대구,21,21090,2635000000,0
939,422,오시리아역,k0211,동해선,일반역,,,35.196256,129.208291,부산광역시 기장군,21,21310,2671000000,0
940,423,기장역,k0211,동해선,일반역,,,35.243027,129.218551,부산광역시 기장군,21,21310,2671000000,0
941,424,일광역,k0211,동해선,일반역,,,35.265565,129.233307,부산광역시 기장군,21,21310,2671000000,0
942,435,선바위역,k0303,과천선,일반역,,,37.451854,127.002164,경기도 과천시,31,31110,4129000000,0
943,436,경마공원역,k0303,과천선,일반역,,,37.443987,127.007899,경기도 과천시,31,31110,4129000000,0
944,437,대공원역,k0303,과천선,일반역,,,37.435724,127.006474,경기도 과천시,31,31110,4129000000,0
945,438,과천역,k0303,과천선,일반역,,,37.433205,126.996404,경기도 과천시,31,31110,4129000000,0
946,439,정부과천청사역,k0303,과천선,일반역,,,37.426445,126.989802,경기도 과천시,31,31110,4129000000,0
947,440,인덕원역,k0303,과천선,일반역,,,37.401901,126.976818,경기도 안양시,31,31041,4117000000,0
948,441,평촌역,k0303,과천선,일반역,,,37.394346,126.963881,경기도 안양시,31,31041,4117000000,0
949,442,범계역,k0303,과천선,일반역,,,37.389783,126.950752,경기도 안양시,31,31041,4117000000,0
950,444,산본역,k0302,안산선,일반역,,,37.358019,126.932969,경기도 군포시,31,31160,4141000000,0
951,445,수리산역,k0302,안산선,일반역,,,37.350297,126.925537,경기도 군포시,31,31160,4141000000,0
952,446,대야미역,k0302,안산선,일반역,,,37.328304,126.917161,경기도 군포시,31,31160,4141000000,0
953,447,반월역,k0302,안산선,일반역,,,37.312244,126.903684,경기도 안산시,31,31091,4127000000,0
954,448,상록수역,k0302,안산선,일반역,,,37.302845,126.866533,경기도 안산시,31,31091,4127000000,0
955,449,한대앞역,k0302,안산선,일반역,,,37.309685,126.853656,경기도 안산시,31,31091,4127000000,0
956,450,중앙역,k0302,안산선,일반역,,,37.316055,126.838532,경기도 안산시,31,31091,4127000000,0
957,451,고잔역,k0302,안산선,일반역,,,37.316821,126.823094,경기도 안산시,31,31091,4127000000,0
958,452,초지역,k0302,안산선,일반역,,,37.320583,126.806151,경기도 안산시,31,31091,4127000000,0
959,453,안산역,k0302,안산선,일반역,,,37.327006,126.788748,경기도 안산시,31,31091,4127000000,0
960,454,신길온천역,k0302,안산선,일반역,,,37.337488,126.767306,경기도 안산시,31,31091,4127000000,0
961,455,정왕역,k0302,안산선,일반역,,,37.351816,126.742844,경기도 시흥시,31,31150,4139000000,0
962,456,오이도역,k0302,안산선,환승역,k0302+k2015,안산/수인,37.361773,126.738437,경기도 시흥시,31,31150,4139000000,1
963,555,미사역,S1105,지하철하남선,일반역,N,N,37.5631234,127.1932345,경기도 하남시,31,31180,4145000000,0
964,556,하남풍산역,S1105,지하철하남선,일반역,N,N,37.5512453,127.2031234,경기도 하남시,31,31180,4145000000,0
965,95,다대포해수욕장,S2601,부산도시철도 1호선,일반역,,,35.089951,128.973971,부산광역시 사하구,21,21100,2638000000,0
966,96,다대포항역,S2601,부산도시철도 1호선,일반역,,,35.081631,128.977636,부산광역시 사하구,21,21100,2638000000,0
967,97,낫개역,S2601,부산도시철도 1호선,일반역,,,35.074433,128.977041,부산광역시 사하구,21,21100,2638000000,0
968,98,신장림역,S2601,부산도시철도 1호선,일반역,,,35.065265,128.979873,부산광역시 사하구,21,21100,2638000000,0
969,99,장림역,S2601,부산도시철도 1호선,일반역,,,35.057419,128.971279,부산광역시 사하구,21,21100,2638000000,0
970,U110,발곡,L4101,의정부경전철,일반역,,,37.7269917,127.0529098,경기도 의정부시,31,31030,4115000000,0
971,U110,발곡,L4101,의정부경전철,일반역,-,-,37.7269917,127.0529098,경기도 의정부시,31,31030,4115000000,0
972,U111,회룡,L4101,의정부경전철,환승역,S1101+L4101,서울도시철도1호선+의정부경전철,37.7250156,127.0471082,경기도 의정부시,31,31030,4115000000,2
973,U111,회룡,L4101,의정부경전철,환승역,S1101+L4101,서울도시철도1호선+의정부경전철,37.7250156,127.0471082,경기도 의정부시,31,31030,4115000000,2
974,U112,범골,L4101,의정부경전철,일반역,-,-,37.728796,127.0436639,경기도 의정부시,31,31030,4115000000,0
975,U112,범골,L4101,의정부경전철,일반역,,,37.728796,127.0436639,경기도 의정부시,31,31030,4115000000,0
976,U113,경전철의정부,L4101,의정부경전철,일반역,,,37.7373859,127.043314,경기도 의정부시,31,31030,4115000000,0
977,U113,경전철의정부,L4101,의정부경전철,일반역,-,-,37.7373859,127.043314,경기도 의정부시,31,31030,4115000000,0
978,U114,의정부시청,L4101,의정부경전철,일반역,-,-,37.7392416,127.0348664,경기도 의정부시,31,31030,4115000000,0
979,U114,의정부시청,L4101,의정부경전철,일반역,,,37.7392416,127.0348664,경기도 의정부시,31,31030,4115000000,0
980,U115,흥선,L4101,의정부경전철,일반역,-,-,37.7432842,127.0371212,경기도 의정부시,31,31030,4115000000,0
981,U115,흥선,L4101,의정부경전철,일반역,,,37.7432842,127.0371212,경기도 의정부시,31,31030,4115000000,0
982,U117,의정부중앙,L4101,의정부경전철,일반역,-,-,37.7436839,127.0496634,경기도 의정부시,31,31030,4115000000,0
983,U117,의정부중앙,L4101,의정부경전철,일반역,,,37.7436839,127.0496634,경기도 의정부시,31,31030,4115000000,0
984,U118,동오,L4101,의정부경전철,일반역,-,-,37.7452685,127.056979,경기도 의정부시,31,31030,4115000000,0
985,U118,동오,L4101,의정부경전철,일반역,,,37.7452685,127.056979,경기도 의정부시,31,31030,4115000000,0
986,U119,새말,L4101,의정부경전철,일반역,,,37.7488688,127.0637846,경기도 의정부시,31,31030,4115000000,0
987,U119,새말,L4101,의정부경전철,일반역,-,-,37.7488688,127.0637846,경기도 의정부시,31,31030,4115000000,0
988,U120,경기도청북부청사,L4101,의정부경전철,일반역,,,37.7507731,127.0716075,경기도 의정부시,31,31030,4115000000,0
989,U120,경기도청북부청사,L4101,의정부경전철,일반역,-,-,37.7507731,127.0716075,경기도 의정부시,31,31030,4115000000,0
990,U121,효자,L4101,의정부경전철,일반역,,,37.7539992,127.0772808,경기도 의정부시,31,31030,4115000000,0
991,U121,효자,L4101,의정부경전철,일반역,-,-,37.7539992,127.0772808,경기도 의정부시,31,31030,4115000000,0
992,U122,곤제,L4101,의정부경전철,일반역,-,-,37.7505337,127.083846,경기도 의정부시,31,31030,4115000000,0
993,U122,곤제,L4101,의정부경전철,일반역,,,37.7505337,127.083846,경기도 의정부시,31,31030,4115000000,0
994,U123,어룡,L4101,의정부경전철,일반역,,,37.7426961,127.0852263,경기도 의정부시,31,31030,4115000000,0
995,U123,어룡,L4101,의정부경전철,일반역,-,-,37.7426961,127.0852263,경기도 의정부시,31,31030,4115000000,0
996,U124,송산,L4101,의정부경전철,일반역,-,-,37.737262,127.0872261,경기도 의정부시,31,31030,4115000000,0
997,U124,송산,L4101,의정부경전철,일반역,,,37.737262,127.0872261,경기도 의정부시,31,31030,4115000000,0
998,U125,탑석,L4101,의정부경전철,일반역,,,37.7334668,127.0889285,경기도 의정부시,31,31030,4115000000,0
999,U125,탑석,L4101,의정부경전철,일반역,-,-,37.7334668,127.0889285,경기도 의정부시,31,31030,4115000000,0
1000,Y110,기흥역,T4101,에버라인,환승역,K237,기흥역,37.275657,127.115944,경기도 용인시,31,31191,4146000000,1
1001,Y111,강남대역,T4101,에버라인,일반역,,,37.270171,127.126023,경기도 용인시,31,31191,4146000000,0
1002,Y112,지석역,T4101,에버라인,일반역,,,37.269691,127.1366815,경기도 용인시,31,31191,4146000000,0
1003,Y113,어정역,T4101,에버라인,일반역,,,37.275311,127.143774,경기도 용인시,31,31191,4146000000,0
1004,Y114,동백역,T4101,에버라인,일반역,,,37.269111,127.152716,경기도 용인시,31,31191,4146000000,0
1005,Y115,초당역,T4101,에버라인,일반역,,,37.260823,127.159465,경기도 용인시,31,31191,4146000000,0
1006,Y116,삼가역,T4101,에버라인,일반역,,,37.242103,127.168141,경기도 용인시,31,31191,4146000000,0
1007,Y117,시청-용인대역,T4101,에버라인,일반역,,,37.239426,127.178856,경기도 용인시,31,31191,4146000000,0
1008,Y118,명지대역,T4101,에버라인,일반역,,,37.2380254,127.1911514,경기도 용인시,31,31191,4146000000,0
1009,Y119,김량장역,T4101,에버라인,일반역,,,37.237293,127.198671,경기도 용인시,31,31191,4146000000,0
1010,Y120,운동장-송담대역,T4101,에버라인,일반역,,,37.237891,127.209046,경기도 용인시,31,31191,4146000000,0
1011,Y121,고진역,T4101,에버라인,일반역,,,37.244643,127.214168,경기도 용인시,31,31191,4146000000,0
1012,Y122,보평역,T4101,에버라인,일반역,,,37.2589472,127.218533,경기도 용인시,31,31191,4146000000,0
1013,Y123,둔전역,T4101,에버라인,일반역,,,37.267201,127.213619,경기도 용인시,31,31191,4146000000,0
1014,Y124,전대-에버랜드역,T4101,에버라인,일반역,,,37.285405,127.219491,경기도 용인시,31,31191,4146000000,0
