지하철역번호,지하철역사명,노선명,노선번호,환승역구분,환승노선개수,환승노선번호,환승노선명,법정동코드
141,서부산유통지구역,부산-김해경전철,L4801,일반역,0,-,-,26440
139,동두천중앙역,경원선,k0205,일반역,0,-,-,41250
140,당리역,부산도시철도 1호선,S2601,일반역,0,-,-,26380
144,남광주역,광주도시철도 1호선,S2901,일반역,0,-,-,29110
142,장기역,김포골드라인,L4101,일반역,0,-,-,41570
138,대동,대전도시철도 1호선,S3001,일반역,0,-,-,30110
