부동산ID,법정동코드,거래금액,건축년도,계약날짜,아파트명,면적,층
386466,45710,60000000,1998,2017-07-01,삼례주공(1),49,12
386467,45710,77000000,1996,2017-07-12,삼례우성,59,5
386468,45710,41000000,1997,2017-07-20,대영1,42,14
386469,45710,40000000,1998,2017-07-23,삼례주공(1),39,1
386470,45710,55000000,1998,2017-07-27,삼례주공(1),49,7
386471,45710,70000000,1994,2017-07-17,삼례유진청하,84,3
386472,45710,57000000,1998,2017-07-20,삼례대명,59,1
386473,45710,54000000,1990,2017-07-22,우남,78,5
386474,45710,143300000,2017,2017-07-03,제일오투그란데,59,8
386475,45710,120000000,2012,2017-07-01,모아엘가,69,8
386476,45710,143500000,2005,2017-07-02,전주첨단코아루1차,84,12
386477,45710,163000000,2009,2017-07-03,라송센트럴카운티,84,6
386478,45710,145000000,2009,2017-07-03,라송센트럴카운티,71,7
386479,45710,145000000,2012,2017-07-05,모아엘가,69,4
386480,45710,152000000,2005,2017-07-06,전주첨단코아루1차,84,11
386481,45710,143500000,2005,2017-07-06,전주첨단코아루1차,84,13
386482,45710,147500000,2007,2017-07-07,전주렉시안,84,4
386483,45710,202000000,2012,2017-07-07,전주과학산업단지벽산e-솔렌스힐,84,6
386484,45710,180000000,2012,2017-07-07,전주과학산업단지벽산e-솔렌스힐,75,12
386485,45710,151000000,2007,2017-07-10,전주렉시안,84,9
386486,45710,144500000,2009,2017-07-10,라송센트럴카운티,71,7
386487,45710,159500000,2012,2017-07-13,전주과학산업단지벽산e-솔렌스힐,75,5
386488,45710,130000000,2005,2017-07-20,전주첨단코아루1차,84,2
386489,45710,145000000,2009,2017-07-21,라송센트럴카운티,71,5
386490,45710,163000000,2009,2017-07-22,라송센트럴카운티,84,7
386491,45710,153000000,2009,2017-07-22,라송센트럴카운티,84,10
386492,45710,145000000,2005,2017-07-24,전주첨단코아루1차,84,6
386493,45710,150000000,2007,2017-07-25,전주렉시안,84,9
386494,45710,159000000,2009,2017-07-25,라송센트럴카운티,84,13
386495,45710,149000000,2012,2017-07-26,모아엘가,69,12
386496,45710,149000000,2005,2017-07-27,전주첨단코아루1차,84,5
386497,45710,163000000,2012,2017-07-27,전주과학산업단지벽산e-솔렌스힐,75,10
386498,45710,168000000,2009,2017-07-27,라송센트럴카운티,84,15
386499,45710,145840000,2007,2017-07-27,전주렉시안,84,10
386500,45710,167000000,2012,2017-07-29,전주과학산업단지벽산e-솔렌스힐,75,14
386501,45710,125000000,2007,2017-07-31,전주렉시안,59,14
386502,45710,191000000,2015,2017-07-29,봉동광신프로그레스,84,3
386503,45710,62500000,1997,2017-07-12,봉동한신아파트,59,4
386504,45710,62000000,2001,2017-07-03,덕천하이트,59,12
386505,45710,55000000,1997,2017-07-12,용진원주,59,15
386506,45710,67000000,1999,2017-07-14,대영,59,1
386507,45710,168000000,2001,2017-07-01,신세대지큐빌,114,10
386508,45710,117000000,2001,2017-07-04,신세대지큐빌,84,6
386509,45710,88000000,2001,2017-07-11,신세대지큐빌,59,6
386510,45710,105000000,2001,2017-07-13,신세대지큐빌,84,16
386511,45710,81000000,2001,2017-07-22,신세대지큐빌,59,16
386512,45710,118000000,2001,2017-07-22,신세대지큐빌,84,10
386513,45710,87000000,2001,2017-07-29,신세대지큐빌,59,11
386514,45710,210000000,2013,2017-07-02,이노힐스아파트,74,1
386515,45710,255000000,2013,2017-07-08,이노힐스아파트,84,9
386516,45710,259000000,2013,2017-07-14,이노힐스아파트,84,11
386517,45710,258500000,2013,2017-07-19,이노힐스아파트,84,14
386518,45710,280000000,2013,2017-07-24,이노힐스아파트,84,12
386519,45710,220000000,2013,2017-07-28,이노힐스아파트,74,14
386520,45710,80000000,2004,2017-07-07,지엘하늘가,59,13
386521,45710,53000000,2004,2017-07-25,지엘하늘가,39,10
386522,45710,97500000,2001,2017-07-08,남양사이버,59,4
386523,45710,97000000,2001,2017-07-18,남양사이버,59,8
386524,45710,97500000,2001,2017-07-20,남양사이버,59,5
386525,45710,97000000,2001,2017-07-21,남양사이버,59,7
386526,45710,60000000,1999,2017-07-17,부영,48,8
386527,44800,180000000,2006,2017-11-02,세광엔리치타워,84,6
386528,44800,108000000,1997,2017-11-03,미림청솔,84,7
386529,44800,85000000,1991,2017-11-09,우주은하A동,84,7
386530,44800,155000000,1997,2017-11-10,미림청솔,132,6
386531,44800,118000000,1997,2017-11-15,미림청솔,84,13
386532,44800,160000000,2006,2017-11-17,세광엔리치타워,84,7
386533,44800,230000000,2006,2017-11-29,세광엔리치타워,133,4
386534,44800,78000000,2003,2017-11-02,부영1차,49,3
386535,44800,95000000,2004,2017-11-04,부영2차(851-0),59,9
386536,44800,70000000,2003,2017-11-06,부영1차,49,13
386537,44800,77000000,2003,2017-11-08,부영1차,49,13
386538,44800,94500000,2004,2017-11-09,부영2차(851-0),59,9
386539,44800,133000000,2003,2017-11-14,부영1차,80,8
386540,44800,93000000,2004,2017-11-15,부영2차(851-0),59,6
386541,44800,90000000,2004,2017-11-16,부영2차(851-0),59,13
386542,44800,76000000,2003,2017-11-20,부영1차,49,12
386543,44800,76000000,2003,2017-11-23,부영1차,49,9
386544,44800,92000000,2004,2017-11-28,부영2차(851-0),59,7
386545,44800,140000000,2006,2017-11-01,홍성옥암하늘채,84,2
386546,44800,165000000,2006,2017-11-08,홍성옥암하늘채,84,6
386547,44800,140000000,2006,2017-11-14,홍성옥암하늘채,84,4
386548,44800,165000000,2006,2017-11-24,홍성옥암하늘채,84,9
386549,44800,170000000,2006,2017-11-25,홍성옥암하늘채,84,4
386550,44800,127000000,2006,2017-11-27,홍성옥암하늘채,72,2
386551,44800,74200000,2001,2017-11-04,주공아파트1차,46,2
386552,44800,131500000,2001,2017-11-06,주공아파트1차,59,10
386553,44800,185000000,2017,2017-11-06,홍성남장이안,72,12
386554,44800,105000000,2001,2017-11-10,주공아파트1차,59,2
386555,44800,117000000,2001,2017-11-13,주공아파트1차,59,4
386556,44800,79500000,2001,2017-11-20,주공아파트1차,46,5
386557,44800,142000000,2001,2017-11-26,주공아파트1차,84,13
386558,44800,85000000,2001,2017-11-27,주공아파트1차,46,8
386559,44800,75000000,2001,2017-11-28,주공아파트1차,46,4
386560,44800,50000000,1997,2017-11-13,현광,59,19
386561,44800,51000000,1998,2017-11-04,동진아파트,49,8
386562,44800,41000000,1998,2017-11-11,동진아파트,39,5
386563,44800,250000000,2016,2017-11-01,한울마을모아엘가아파트,84,7
386564,44800,234000000,2016,2017-11-04,한울마을모아엘가아파트,78,25
386565,44800,168000000,2014,2017-11-05,극동스타클래스센트럴,59,4
386566,44800,224000000,2014,2017-11-08,효성해링턴플레이스,84,6
386567,44800,225000000,2012,2017-11-09,롯데캐슬,84,8
386568,44800,152000000,2014,2017-11-10,극동스타클래스센트럴,59,1
386569,44800,193000000,2014,2017-11-10,효성해링턴플레이스,67,16
386570,44800,166000000,2014,2017-11-11,극동스타클래스센트럴,59,11
386571,44800,200000000,2015,2017-11-11,엘에이치스타힐스,84,1
386572,44800,180000000,2012,2017-11-12,롯데캐슬,84,2
386573,44800,208000000,2012,2017-11-14,롯데캐슬,84,17
386574,44800,242000000,2016,2017-11-14,한울마을모아엘가아파트,84,14
386575,44800,188000000,2015,2017-11-14,엘에이치스타힐스,84,14
386576,44800,236800000,2016,2017-11-16,한울마을모아엘가아파트,84,2
386577,44800,227000000,2014,2017-11-20,효성해링턴플레이스,84,2
386578,44800,228400000,2012,2017-11-21,롯데캐슬,84,7
386579,44800,248000000,2016,2017-11-21,한울마을모아엘가아파트,84,7
386580,44800,238900000,2014,2017-11-21,효성해링턴플레이스,84,6
386581,44800,192000000,2015,2017-11-25,엘에이치스타힐스,84,10
386582,44800,200000000,2015,2017-11-28,엘에이치스타힐스,84,12
386583,44800,220000000,2012,2017-11-29,롯데캐슬,84,3
386584,44800,248300000,2016,2017-11-29,한울마을모아엘가아파트,84,6
386585,44800,195000000,2012,2017-11-30,롯데캐슬,70,20
386586,44800,40000000,2000,2017-11-21,무지개(5-10),38,4
386587,41290,1400000000,1984,2017-04-03,주공10,124,4
386588,41290,1300000000,2007,2017-04-06,래미안에코팰리스,128,7
386589,41290,1400000000,1984,2017-04-07,주공10,124,1
386590,41290,1250000000,1984,2017-04-10,주공10,105,1
386591,41290,1480000000,1984,2017-04-14,주공10,124,4
386592,41290,776000000,2007,2017-04-26,래미안에코팰리스,59,9
386593,41290,450000000,1982,2017-04-01,주공2,20,1
386594,41290,670000000,2008,2017-04-01,래미안슈르,59,19
386595,41290,670000000,2008,2017-04-01,래미안슈르,59,8
386596,41290,400000000,1982,2017-04-03,주공2,20,1
386597,41290,820000000,2008,2017-04-04,래미안슈르,84,14
386598,41290,800000000,2008,2017-04-04,래미안슈르,84,1
386599,41290,673000000,2008,2017-04-05,래미안슈르,59,12
386600,41290,345540000,1982,2017-04-07,주공2,20,4
386601,41290,450000000,1982,2017-04-08,주공2,20,2
386602,41290,677500000,2008,2017-04-11,래미안슈르,59,16
386603,41290,662500000,2008,2017-04-13,래미안슈르,59,3
386604,41290,351330000,1982,2017-04-14,주공2,20,1
386605,41290,350400000,1982,2017-04-14,주공2,20,1
386606,41290,350400000,1982,2017-04-14,주공2,20,1
386607,41290,351920000,1982,2017-04-14,주공2,20,2
386608,41290,349670000,1982,2017-04-14,주공2,20,1
386609,41290,349670000,1982,2017-04-14,주공2,20,1
386610,41290,349670000,1982,2017-04-14,주공2,20,1
386611,41290,349680000,1982,2017-04-14,주공2,20,1
386612,41290,351640000,1982,2017-04-14,주공2,20,4
386613,41290,353580000,1982,2017-04-14,주공2,20,3
386614,41290,770000000,2008,2017-04-16,래미안슈르,84,12
386615,41290,820000000,2008,2017-04-16,래미안슈르,84,14
386616,41290,458000000,1982,2017-04-17,주공2,20,2
386617,41290,735000000,1982,2017-04-18,주공2,46,5
386618,41290,735000000,1982,2017-04-20,주공2,45,2
386619,41290,1140000000,2008,2017-04-26,래미안슈르,136,5
386620,41290,820000000,1982,2017-04-28,주공2,52,5
386621,41290,665000000,2008,2017-04-29,래미안슈르,59,7
386622,41290,678000000,1983,2017-04-06,주공4,73,1
386623,41290,683000000,1982,2017-04-06,주공6,47,1
386624,41290,1010000000,1983,2017-04-08,주공5,124,5
386625,41290,627000000,1983,2017-04-10,주공4,59,11
386626,41290,910000000,1983,2017-04-10,주공5,103,8
386627,41290,900000000,1983,2017-04-15,주공5,103,3
386628,41290,838000000,1982,2017-04-18,주공2,52,3
386629,41290,525000000,1997,2017-04-23,과천타워,84,6
386630,41290,710000000,1983,2017-04-25,주공4,73,3
386631,41290,795000000,1983,2017-04-27,주공4,82,6
386632,41290,780000000,1983,2017-04-02,주공8,83,6
386633,41290,518000000,1982,2017-04-04,주공9,47,1
386634,41290,810000000,1982,2017-04-04,주공9,82,2
386635,41290,800000000,1983,2017-04-08,주공8,83,12
386636,41290,770000000,1983,2017-04-10,주공8,83,4
386637,41290,570000000,1982,2017-04-10,주공9,54,1
386638,41290,725000000,1983,2017-04-12,주공8,73,7
386639,41290,550000000,1982,2017-04-12,주공9,54,5
386640,41290,895000000,1982,2017-04-15,주공7,54,5
386641,41290,1040000000,1982,2017-04-17,주공7,73,3
386642,41290,510000000,1983,2017-04-19,주공8,73,12
386643,41290,600000000,1982,2017-04-21,주공9,54,2
386644,41290,780000000,1983,2017-04-22,주공8,83,2
386645,41290,510000000,1982,2017-04-22,주공9,47,5
386646,41290,725000000,1983,2017-04-22,주공8,73,3
386647,41290,697000000,1983,2017-04-22,주공8,73,1
386648,41290,1060000000,1982,2017-04-24,주공7,73,1
386649,41290,600000000,1982,2017-04-24,주공9,54,3
386650,41290,750000000,1983,2017-04-25,주공8,83,1
386651,41290,600000000,1982,2017-04-25,주공9,54,4
386652,41290,760000000,1983,2017-04-26,주공8,83,15
386653,41290,930000000,1982,2017-04-27,주공7,54,1
386654,41290,716000000,1983,2017-04-28,주공8,73,8
386655,41290,670000000,1982,2017-04-28,주공9,73,5
386656,41290,725000000,1983,2017-04-29,주공8,73,6
386657,41290,725000000,1983,2017-04-30,주공8,73,12
386658,41670,190000000,1993,2017-02-02,상우1차,124,8
386659,41670,120000000,1993,2017-02-11,상우1차,59,15
386660,41670,120000000,1993,2017-02-11,상우1차,59,2
386661,41670,160000000,1996,2017-02-14,"홍문현대103동,106동",59,20
386662,41670,184000000,1996,2017-02-15,"홍문현대103동,106동",59,15
386663,41670,135000000,2001,2017-02-17,동원,49,12
386664,41670,225000000,1996,2017-02-18,"홍문현대103동,106동",84,18
386665,41670,51500000,1994,2017-02-25,상우2차,48,6
386666,41670,118000000,1991,2017-02-28,삼한,75,3
386667,41670,120000000,1993,2017-02-28,상우1차,59,15
386668,41670,100000000,1993,2017-02-21,삼한강변,59,1
386669,41670,164000000,1995,2017-02-24,현대,59,6
386670,41670,205000000,1998,2017-02-01,강남,84,7
386671,41670,225000000,2003,2017-02-01,호반리젠시빌,84,14
386672,41670,329000000,2006,2017-02-11,예일세띠앙,116,6
386673,41670,160000000,1998,2017-02-14,강남,59,9
386674,41670,269000000,2006,2017-02-17,예일세띠앙,84,11
386675,41670,180000000,1998,2017-02-21,강남,84,15
386676,41670,268000000,2006,2017-02-24,예일세띠앙,84,15
386677,41670,235000000,2006,2017-02-27,예일세띠앙,74,15
386678,41670,139000000,2000,2017-02-02,한성,59,11
386679,41670,165000000,2005,2017-02-03,보광그랑베르,61,8
386680,41670,160000000,2005,2017-02-04,보광그랑베르,61,10
386681,41670,190000000,2005,2017-02-09,보광그랑베르,84,3
386682,41670,195000000,2003,2017-02-10,두풍리치빌,84,12
386683,41670,139000000,2000,2017-02-15,한성,59,13
386684,41670,105000000,2000,2017-02-02,부영 사랑으로,38,9
386685,41670,110000000,2000,2017-02-03,부영 사랑으로,48,7
386686,41670,178000000,2006,2017-02-15,세종그랑시아,74,2
386687,41670,193000000,2006,2017-02-22,세종그랑시아,74,12
386688,41670,130000000,2000,2017-02-27,부영 사랑으로,48,6
386689,41670,188000000,2008,2017-02-06,정광휴레나,84,5
386690,41670,199500000,2006,2017-02-22,영진리버빌,84,10
386691,41670,285000000,2009,2017-02-03,성일우리미,147,2
386692,41670,110000000,1998,2017-02-08,현진에버빌,59,10
386693,41670,340000000,2009,2017-02-21,신도브래뉴리버뷰,126,14
386694,41670,285000000,2009,2017-02-24,신도브래뉴리버뷰,126,3
386695,41670,256000000,2014,2017-02-24,여주오드카운티,84,8
386696,41670,82000000,1997,2017-02-06,영동,54,3
386697,41670,235000000,2009,2017-02-06,이안여주강변,84,3
386698,41670,81000000,1997,2017-02-07,벽산늘푸른,37,12
386699,41670,77000000,1997,2017-02-17,영동,54,2
386700,41670,270000000,2009,2017-02-20,이안여주강변,84,12
386701,41670,280000000,2014,2017-02-20,e편한세상여주,84,8
386702,41670,79000000,1997,2017-02-23,벽산늘푸른,37,17
386703,41670,86000000,1990,2017-02-27,삼진,56,2
386704,41670,80000000,1990,2017-02-28,삼진,57,4
386705,41670,280000000,2014,2017-02-28,e편한세상여주,84,15
386706,41670,94000000,2008,2017-02-06,굿모닝타워,56,12
386707,41670,97000000,2008,2017-02-06,굿모닝타워,56,12
386708,41670,95000000,2008,2017-02-17,굿모닝타워,56,13
386709,41670,83000000,2000,2017-02-02,현진에버빌-1,39,10
386710,41670,162500000,2001,2017-02-07,현진에버빌-2,70,9
386711,41670,104000000,1997,2017-02-20,동남,59,10
386712,41670,51000000,2000,2017-02-24,현진에버빌-1,28,2
386713,41670,168000000,2001,2017-02-28,현진에버빌-2,70,11
386714,41670,165000000,2001,2017-02-28,현진에버빌-2,70,9
386715,41670,70400000,1999,2017-02-09,세광리치타운(101동-108동),58,7
386716,41670,68320000,1999,2017-02-09,세광리치타운(101동-108동),58,5
386717,41670,80000000,1999,2017-02-10,세광리치타운(101동-108동),58,15
386718,41670,93000000,1999,2017-02-20,세광리치타운(101동-108동),58,6
386719,41670,80000000,1999,2017-02-21,세광리치타운(101동-108동),58,12
386720,41670,184000000,2016,2017-02-06,우찬셀레스아파트,68,8
386721,41670,190000000,2016,2017-02-28,우찬셀레스아파트,68,4
386722,42170,63000000,1989,2017-10-12,천곡주공4차,39,2
386723,42170,73000000,1992,2017-10-12,한양3차,69,4
386724,42170,110000000,1990,2017-10-12,한양1차,68,8
386725,42170,80000000,1996,2017-10-13,유공타워,59,4
386726,42170,55000000,1989,2017-10-17,천곡주공4차,46,5
386727,42170,90000000,1981,2017-10-17,중앙,60,2
386728,42170,105000000,1992,2017-10-20,한양3차,72,2
386729,42170,68000000,1989,2017-10-21,천곡주공4차,39,1
386730,42170,79000000,1991,2017-10-24,한양2차,49,14
386731,42170,133000000,1992,2017-10-25,현대1차,84,12
386732,42170,103000000,1995,2017-10-25,혜원빌라,84,2
386733,42170,97500000,1984,2017-10-30,천곡주공2차,59,5
386734,42170,228000000,2007,2017-10-30,동해금호어울림,84,6
386735,42170,71000000,1992,2017-10-30,한양3차,49,10
386736,42170,110000000,1991,2017-10-31,삼성,73,3
386737,42170,130000000,2000,2017-10-31,쌍용,117,3
386738,42170,218000000,2017,2017-10-10,렉시움,84,8
386739,42170,215000000,2017,2017-10-16,렉시움,84,6
386740,42170,223000000,2017,2017-10-16,렉시움,84,8
386741,42170,217000000,2017,2017-10-23,렉시움,84,3
386742,42170,179000000,2010,2017-10-24,동해하나리움,59,7
386743,42170,217000000,2017,2017-10-30,렉시움,84,4
386744,42170,260000000,2017,2017-10-30,렉시움,84,10
386745,42170,50000000,1996,2017-10-31,범주성지,53,2
386746,42170,74000000,1996,2017-10-11,대동3차,45,4
386747,42170,50000000,1991,2017-10-12,대아주택2차,59,3
386748,42170,125000000,1996,2017-10-16,대동3차,73,12
386749,42170,72000000,1995,2017-10-18,"대동1,2차",45,8
386750,42170,150000000,1998,2017-10-19,현대4차,73,13
386751,42170,78000000,1998,2017-10-21,현대4차,45,14
386752,42170,198500000,1999,2017-10-21,현대5차,134,3
386753,42170,68000000,1996,2017-10-23,대동3차,45,9
386754,42170,145000000,1996,2017-10-27,대동3차,84,10
386755,42170,69000000,1995,2017-10-30,"대동1,2차",45,4
386756,42170,61000000,2012,2017-10-02,아름다운아침,39,15
386757,42170,103000000,2012,2017-10-10,아름다운아침,60,11
386758,42170,67800000,2012,2017-10-10,아름다운아침,39,8
386759,42170,57500000,2012,2017-10-11,아름다운아침,39,4
386760,42170,74000000,2012,2017-10-11,아름다운아침,49,7
386761,42170,74500000,2012,2017-10-11,아름다운아침,49,6
386762,42170,87500000,2012,2017-10-18,아름다운아침,49,12
386763,42170,68000000,2012,2017-10-23,아름다운아침,39,12
386764,42170,110000000,1996,2017-10-02,일정골든타워,84,11
386765,42170,71000000,1994,2017-10-10,삼정상가2차,59,1
386766,42170,49000000,1991,2017-10-13,삼화미성,58,4
386767,42170,47000000,1991,2017-10-17,삼화미성,58,2
386768,42170,90000000,1996,2017-10-17,일정골든타워,84,8
386769,42170,180000000,2005,2017-10-30,선샤인파크,116,12
386770,42170,69000000,1994,2017-10-31,승우파크빌라3차,81,2
386771,42170,40000000,1991,2017-10-16,강경,46,6
386772,42170,20000000,1985,2017-10-18,우석1차,32,5
386773,42170,37000000,1991,2017-10-21,삼화,50,5
386774,42170,50000000,1989,2017-10-24,북평주공2차,47,3
386775,42170,31000000,1995,2017-10-16,현진,39,6
386776,42170,50000000,1998,2017-10-13,성협5차,59,1
386777,42170,32000000,1998,2017-10-30,성협5차,31,2
386778,42170,41000000,1996,2017-10-11,강변,49,1
386779,42170,76500000,1999,2017-10-14,이도1주공,49,12
386780,42170,65000000,1996,2017-10-17,강변,59,5
386781,42170,66000000,1999,2017-10-17,이도1주공,49,2
386782,42170,99000000,1999,2017-10-18,이도2주공,59,14
386783,42170,103000000,1999,2017-10-24,이도2주공,59,12
386784,42170,93000000,1999,2017-10-30,이도2주공,59,3
386785,42170,44000000,1996,2017-10-10,삼본임대,40,5
386786,42170,47000000,1996,2017-10-17,삼본임대,40,4
386787,42170,29000000,1993,2017-10-20,유한타워광이,59,5
386788,42170,44000000,1996,2017-10-20,삼본임대,40,5
386789,44250,183000000,2005,2017-04-08,우림루미아트,84,11
386790,44250,160000000,2002,2017-04-11,계룡금암주공,84,8
386791,44250,250000000,2005,2017-04-15,우림루미아트,123,12
386792,44250,198000000,2005,2017-04-15,신성미소지움1차,84,15
386793,44250,209000000,2005,2017-04-20,우림루미아트,84,12
386794,44250,232000000,2005,2017-04-22,신성미소지움1차,118,10
386795,44250,188000000,2005,2017-04-22,신성미소지움1차,84,11
386796,44250,172000000,2005,2017-04-25,신성미소지움1차,84,3
386797,44250,231000000,2005,2017-04-29,신성미소지움1차,118,7
386798,44250,280000000,2007,2017-04-03,계룡E-편한세상,134,17
386799,44250,282000000,2008,2017-04-03,계룡더샵아파트,121,10
386800,44250,285000000,2007,2017-04-11,계룡E-편한세상,134,10
386801,44250,205000000,2008,2017-04-13,계룡더샵아파트,84,12
386802,44250,248000000,2007,2017-04-14,계룡E-편한세상,106,15
386803,44250,223000000,2007,2017-04-18,계룡E-편한세상,105,1
386804,44250,220000000,2007,2017-04-19,계룡E-편한세상,134,7
386805,44250,293000000,2008,2017-04-21,계룡더샵아파트,134,15
386806,44250,270000000,2007,2017-04-23,계룡E-편한세상,134,7
386807,44250,200000000,2007,2017-04-23,계룡E-편한세상,84,9
386808,44250,214000000,2008,2017-04-25,계룡더샵아파트,84,12
386809,44250,289000000,2007,2017-04-27,계룡E-편한세상,134,10
386810,44250,260000000,2007,2017-04-29,계룡E-편한세상,105,8
386811,44250,211000000,2008,2017-04-29,계룡더샵아파트,84,9
386812,44250,50000000,1997,2017-04-01,삼진,39,3
386813,44250,97000000,1995,2017-04-03,비사벌,59,14
386814,44250,55000000,1997,2017-04-03,삼진,37,3
386815,44250,135000000,1994,2017-04-04,두산신성,84,12
386816,44250,79000000,1997,2017-04-06,성원,58,7
386817,44250,90000000,1994,2017-04-07,두산신성,59,7
386818,44250,35000000,1997,2017-04-07,삼진,29,4
386819,44250,30000000,1997,2017-04-07,삼진,29,3
386820,44250,40000000,1997,2017-04-08,삼진,29,12
386821,44250,46500000,1997,2017-04-10,삼진,37,1
386822,44250,87500000,1997,2017-04-10,성원,58,12
386823,44250,84000000,1997,2017-04-10,성원,58,12
386824,44250,114500000,1994,2017-04-11,두산신성,84,1
386825,44250,76000000,1997,2017-04-11,성원,58,14
386826,44250,73000000,1997,2017-04-11,성원,58,15
386827,44250,75000000,1997,2017-04-11,성원,58,15
386828,44250,75000000,1997,2017-04-11,성원,58,3
386829,44250,52000000,1997,2017-04-11,삼진,37,8
386830,44250,97000000,1995,2017-04-13,비사벌,59,6
386831,44250,35000000,1997,2017-04-14,삼진,29,13
386832,44250,79000000,1997,2017-04-14,성원,58,13
386833,44250,82500000,1997,2017-04-14,성원,58,6
386834,44250,28000000,1997,2017-04-14,삼진,29,1
386835,44250,87000000,1997,2017-04-15,성원,58,13
386836,44250,34500000,1997,2017-04-17,삼진,29,3
386837,44250,78000000,1997,2017-04-18,성원,58,4
386838,44250,76000000,1997,2017-04-18,성원,58,3
386839,44250,36700000,1997,2017-04-19,삼진,29,14
386840,44250,85000000,1997,2017-04-24,성원,58,5
386841,44250,90000000,1996,2017-04-25,경남무궁화,59,8
386842,44250,82000000,1997,2017-04-25,성원,58,7
386843,44250,84000000,1997,2017-04-25,성원,58,8
386844,44250,80000000,1997,2017-04-26,성원,58,10
386845,44250,90000000,1995,2017-04-27,비사벌,59,4
386846,44250,81000000,1997,2017-04-27,성원,58,9
386847,44250,80000000,1997,2017-04-28,성원,58,14
386848,44250,84500000,1995,2017-04-29,비사벌,59,2
386849,44250,95000000,1997,2017-04-29,성원,58,3
386850,44250,147500000,2000,2017-04-07,대동,84,11
386851,44250,220000000,2012,2017-04-11,블루힐스,131,11
386852,44250,85700000,2015,2017-02-01,계룡한양아이클래스,34,7
386853,44250,191000000,2005,2017-02-04,우림루미아트,84,13
386854,44250,241000000,2005,2017-02-06,우림루미아트,123,13
386855,44250,183000000,2005,2017-02-07,신성미소지움1차,84,5
386856,44250,194000000,2005,2017-02-09,신성미소지움1차,84,9
386857,44250,164800000,2005,2017-02-11,신성미소지움2차,84,1
386858,44250,147000000,2005,2017-02-18,신성미소지움1차,59,12
386859,44250,230000000,2005,2017-02-23,우림루미아트,123,3
386860,44250,141000000,2005,2017-02-23,신성미소지움1차,59,2
386861,44250,190000000,2005,2017-02-24,우림루미아트,84,15
386862,44250,200000000,2005,2017-02-25,신성미소지움2차,84,12
386863,44250,199000000,2005,2017-02-25,우림루미아트,123,2
386864,44250,257000000,2005,2017-02-26,신성미소지움2차,150,2
386865,44250,315000000,2008,2017-02-01,계룡더샵아파트,161,15
386866,44250,219000000,2007,2017-02-05,계룡E-편한세상,84,12
386867,44250,242000000,2008,2017-02-08,계룡더샵아파트,101,4
386868,44250,209500000,2007,2017-02-16,계룡E-편한세상,84,6
386869,44250,213000000,2007,2017-02-19,계룡E-편한세상,84,7
386870,44250,132000000,1996,2017-02-01,경남무궁화,84,13
386871,44250,97000000,1995,2017-02-01,비사벌,59,11
386872,44250,75000000,1995,2017-02-01,비사벌,59,11
386873,44250,39000000,1997,2017-02-03,삼진,29,8
386874,44250,90000000,1997,2017-02-03,성원,58,11
386875,44250,35500000,1997,2017-02-04,삼진,29,10
386876,44250,85000000,1997,2017-02-04,성원,58,12
386877,44250,77000000,1997,2017-02-05,성원,58,1
386878,44250,87000000,1997,2017-02-06,성원,58,11
386879,44250,35000000,1997,2017-02-07,삼진,29,8
386880,44250,85000000,1997,2017-02-07,성원,58,7
386881,44250,105000000,1995,2017-02-08,비사벌,59,14
386882,44250,99000000,1995,2017-02-09,비사벌,59,2
386883,44250,94000000,1997,2017-02-10,성원,58,12
386884,44250,90000000,1995,2017-02-11,비사벌,59,15
386885,44250,95000000,1995,2017-02-14,비사벌,59,9
386886,44250,87000000,1997,2017-02-14,성원,58,10
386887,44250,110000000,1996,2017-02-15,경남무궁화,84,9
386888,44250,80000000,1997,2017-02-15,성원,58,11
386889,44250,83000000,1997,2017-02-15,성원,58,4
386890,44250,97000000,1995,2017-02-15,비사벌,59,9
386891,44250,87000000,1994,2017-02-15,두산신성,59,5
386892,44250,113000000,1994,2017-02-16,두산신성,84,15
386893,44250,29000000,1997,2017-02-16,삼진,29,2
386894,44250,129000000,1994,2017-02-17,동아,84,13
386895,44250,52000000,1997,2017-02-19,삼진,37,7
386896,44250,36000000,1997,2017-02-20,삼진,29,8
386897,44250,142000000,1994,2017-02-22,동아,84,7
386898,44250,35000000,1997,2017-02-22,삼진,29,11
386899,44250,95000000,1995,2017-02-23,비사벌,59,8
386900,44250,39000000,1997,2017-02-24,삼진,29,11
386901,44250,95000000,1997,2017-02-24,성원,58,10
386902,44250,38200000,1997,2017-02-24,삼진,29,7
386903,44250,81000000,1997,2017-02-25,성원,58,10
386904,44250,95000000,1995,2017-02-27,비사벌,59,8
386905,44250,80000000,1997,2017-02-27,성원,58,2
386906,44250,138000000,1994,2017-02-28,동아,84,4
386907,44250,153000000,2012,2017-02-02,블루힐스,84,10
386908,44250,144000000,2000,2017-02-03,대동,106,2
386909,44250,215000000,2012,2017-02-07,블루힐스,131,10
386910,44250,173500000,2012,2017-02-13,블루힐스,84,12
386911,44250,165000000,2000,2017-02-20,대동,106,10
386912,44250,220000000,2012,2017-02-23,블루힐스,131,6
386913,44250,154000000,2000,2017-02-25,대동,128,13
386914,44250,160000000,2012,2017-02-28,블루힐스,84,14
386915,45710,80000000,1996,2017-12-04,삼례우성,59,17
386916,45710,20000000,1997,2017-12-06,대영1,33,3
386917,45710,42000000,1998,2017-12-06,삼례주공(1),39,6
386918,45710,45000000,1998,2017-12-19,삼례주공(1),39,7
386919,45710,80000000,1996,2017-12-21,삼례우성,59,1
386920,45710,42500000,1998,2017-12-22,삼례주공(1),39,3
386921,45710,129000000,1996,2017-12-23,삼례우성,84,20
386922,45710,74000000,1998,2017-12-08,삼례대명,59,10
386923,45710,56000000,1998,2017-12-18,삼례대명,59,1
386924,45710,171000000,2017,2017-12-13,제일오투그란데,70,8
386925,45710,144000000,2005,2017-12-01,전주첨단코아루1차,84,12
386926,45710,164500000,2009,2017-12-02,라송센트럴카운티,84,6
386927,45710,157000000,2012,2017-12-02,전주과학산업단지벽산e-솔렌스힐,75,1
386928,45710,150000000,2007,2017-12-04,전주렉시안,84,11
386929,45710,190000000,2012,2017-12-04,전주과학산업단지벽산e-솔렌스힐,84,5
386930,45710,145000000,2005,2017-12-05,전주첨단코아루1차,84,10
386931,45710,144000000,2007,2017-12-06,전주렉시안,84,4
386932,45710,144500000,2007,2017-12-08,전주렉시안,84,6
386933,45710,170000000,2012,2017-12-08,전주과학산업단지벽산e-솔렌스힐,75,13
386934,45710,175000000,2012,2017-12-08,전주과학산업단지벽산e-솔렌스힐,84,1
386935,45710,177000000,2006,2017-12-11,전주첨단코아루2차,84,9
386936,45710,148500000,2012,2017-12-11,전주과학산업단지벽산e-솔렌스힐,75,15
386937,45710,152000000,2005,2017-12-12,전주첨단코아루1차,84,9
386938,45710,113500000,2012,2017-12-12,모아엘가,69,1
386939,45710,146000000,2005,2017-12-13,전주첨단코아루1차,84,8
386940,45710,174000000,2006,2017-12-14,전주첨단코아루2차,84,13
386941,45710,149000000,2007,2017-12-15,전주렉시안,84,5
386942,45710,143500000,2012,2017-12-16,모아엘가,69,13
386943,45710,149000000,2012,2017-12-17,모아엘가,69,13
386944,45710,142500000,2012,2017-12-18,모아엘가,69,10
386945,45710,149000000,2012,2017-12-19,모아엘가,69,13
386946,45710,138500000,2012,2017-12-19,모아엘가,69,15
386947,45710,145000000,2012,2017-12-21,모아엘가,69,9
386948,45710,140000000,2009,2017-12-28,라송센트럴카운티,71,14
386949,45710,140000000,2012,2017-12-29,모아엘가,69,1
386950,45710,50000000,1997,2017-12-05,봉동한신아파트,59,5
386951,45710,55000000,2001,2017-12-09,덕천하이트,59,14
386952,45710,55000000,1999,2017-12-26,대영,49,2
386953,45710,62000000,2001,2017-12-29,덕천하이트,59,9
386954,45710,65000000,1999,2017-12-29,대영,59,10
386955,45710,118000000,2001,2017-12-02,신세대지큐빌,84,10
386956,45710,76000000,2001,2017-12-07,신세대지큐빌,59,7
386957,45710,81000000,2001,2017-12-08,신세대지큐빌,59,7
386958,45710,119000000,2001,2017-12-26,신세대지큐빌,84,7
386959,45710,76000000,2001,2017-12-27,신세대지큐빌,59,9
386960,45710,75000000,2001,2017-12-28,신세대지큐빌,59,3
386961,45710,79000000,2001,2017-12-28,신세대지큐빌,59,18
386962,45710,167500000,2001,2017-12-28,신세대지큐빌,114,17
386963,45710,269000000,2013,2017-12-06,이노힐스아파트,84,11
386964,45710,258000000,2013,2017-12-12,이노힐스아파트,84,15
386965,45710,49400000,2004,2017-12-11,지엘하늘가,39,2
386966,45710,77340000,2004,2017-12-11,지엘하늘가,59,4
386967,45710,53000000,2004,2017-12-17,지엘하늘가,39,12
386968,45710,55000000,2004,2017-12-19,지엘하늘가,39,10
386969,45710,79500000,2004,2017-12-26,지엘하늘가,59,3
386970,45710,98000000,2001,2017-12-20,남양사이버,59,4
386971,45710,52000000,1999,2017-12-15,부영,48,13
386972,45710,69000000,1999,2017-12-26,부영,58,9
386973,45710,169600000,2017,2017-12-13,고산동우더리치,75,5
386974,45710,60000000,1998,2017-06-10,삼례주공(1),49,9
386975,45710,44000000,1997,2017-06-26,대영1,42,12
386976,45710,32500000,1997,2017-06-27,대영1,33,4
386977,45710,67000000,1998,2017-06-14,삼례대명,59,15
386978,45710,66000000,1998,2017-06-18,삼례대명,59,17
386979,45710,77000000,1998,2017-06-27,삼례대명,59,3
386980,45710,198400000,2017,2017-06-01,제일오투그란데,84,6
386981,45710,143300000,2017,2017-06-09,제일오투그란데,59,14
386982,45710,193600000,2017,2017-06-27,제일오투그란데,84,3
386983,45710,145000000,2012,2017-06-01,모아엘가,69,11
386984,45710,137000000,2009,2017-06-02,라송센트럴카운티,71,15
386985,45710,149000000,2006,2017-06-06,전주첨단코아루2차,74,4
386986,45710,97930000,2007,2017-06-08,전주렉시안,59,10
386987,45710,156000000,2009,2017-06-10,라송센트럴카운티,84,4
386988,45710,123000000,2012,2017-06-12,모아엘가,69,9
386989,45710,145000000,2012,2017-06-18,모아엘가,69,10
386990,45710,150000000,2007,2017-06-20,전주렉시안,84,13
386991,45710,151000000,2007,2017-06-23,전주렉시안,84,7
386992,45710,150000000,2012,2017-06-23,모아엘가,69,10
386993,45710,149000000,2009,2017-06-23,라송센트럴카운티,71,10
386994,45710,155000000,2007,2017-06-23,전주렉시안,84,14
386995,45710,205000000,2012,2017-06-25,전주과학산업단지벽산e-솔렌스힐,84,8
386996,45710,150000000,2012,2017-06-27,모아엘가,69,8
386997,45710,149000000,2007,2017-06-28,전주렉시안,84,7
386998,45710,164500000,2009,2017-06-29,라송센트럴카운티,84,5
386999,45710,62500000,1993,2017-06-06,봉동2차 명진로얄,59,12
387000,45710,75500000,1993,2017-06-09,봉동2차 명진로얄,76,4
387001,45710,66000000,1993,2017-06-30,봉동2차 명진로얄,59,10
387002,45710,66000000,1999,2017-06-08,봉동한신2차,59,11
387003,45710,39000000,1997,2017-06-07,용진원주,53,1
387004,45710,54000000,2001,2017-06-19,덕천하이트,59,8
387005,45710,67500000,1999,2017-06-19,대영,59,2
387006,45710,49000000,1997,2017-06-27,용진원주,59,15
387007,45710,84000000,2001,2017-06-07,신세대지큐빌,59,6
387008,45710,93000000,2001,2017-06-08,신세대지큐빌,59,10
387009,45710,118000000,2001,2017-06-20,신세대지큐빌,84,7
387010,45710,105000000,2001,2017-06-20,신세대지큐빌,84,1
387011,45710,81000000,2001,2017-06-21,신세대지큐빌,59,5
387012,45710,160000000,2001,2017-06-21,신세대지큐빌,114,4
387013,45710,110000000,2001,2017-06-21,신세대지큐빌,84,9
387014,45710,82000000,2001,2017-06-21,신세대지큐빌,59,15
387015,45710,117000000,2001,2017-06-24,신세대지큐빌,84,7
387016,45710,224000000,2013,2017-06-06,이노힐스아파트,74,12
387017,45710,262000000,2013,2017-06-16,이노힐스아파트,84,15
387018,45710,255000000,2013,2017-06-19,이노힐스아파트,84,7
387019,45710,245000000,2013,2017-06-25,이노힐스아파트,84,19
387020,45710,255000000,2013,2017-06-26,이노힐스아파트,84,18
387021,45710,263000000,2013,2017-06-28,이노힐스아파트,84,6
387022,45710,235000000,2013,2017-06-29,이노힐스아파트,84,2
387023,45710,50000000,2004,2017-06-09,지엘하늘가,39,4
387024,45710,52000000,2004,2017-06-09,지엘하늘가,39,7
387025,45710,53000000,2004,2017-06-19,지엘하늘가,39,7
387026,45710,78500000,2004,2017-06-19,지엘하늘가,59,10
387027,45710,78000000,2004,2017-06-21,지엘하늘가,59,10
387028,45710,50000000,2004,2017-06-26,지엘하늘가,39,14
387029,45710,50500000,2004,2017-06-28,지엘하늘가,39,14
387030,45710,96000000,2001,2017-06-22,남양사이버,59,7
387031,45710,72000000,1999,2017-06-03,부영,58,6
387032,45710,61500000,1999,2017-06-14,부영,48,4
387033,45710,53000000,1999,2017-06-17,부영,48,9
387034,44800,79000000,1997,2017-10-03,현대,59,4
387035,44800,97000000,1992,2017-10-05,신천무궁화,84,6
387036,44800,120000000,1997,2017-10-10,미림청솔,113,11
387037,44800,84000000,1992,2017-10-17,태영,84,12
387038,44800,90000000,1991,2017-10-18,우주은하A동,82,15
387039,44800,82500000,1991,2017-10-20,우주은하A동,82,12
387040,44800,150000000,2006,2017-10-21,세광엔리치타워,84,5
387041,44800,210000000,2006,2017-10-28,세광엔리치타워,119,1
387042,44800,92000000,2004,2017-10-13,부영2차(851-0),59,15
387043,44800,137000000,2004,2017-10-20,부영2차(851-0),80,11
387044,44800,124500000,2003,2017-10-28,부영1차,80,6
387045,44800,95000000,2004,2017-10-29,부영2차(851-0),59,10
387046,44800,137500000,2003,2017-10-30,부영1차,80,13
387047,44800,137000000,2006,2017-10-17,홍성옥암하늘채,84,1
387048,44800,150000000,2006,2017-10-17,홍성옥암하늘채,72,9
387049,44800,160000000,2006,2017-10-26,홍성옥암하늘채,84,11
387050,44800,156000000,2001,2017-10-12,주공아파트1차,84,12
387051,44800,105000000,2001,2017-10-13,주공아파트1차,59,10
387052,44800,77000000,2001,2017-10-13,주공아파트1차,42,3
387053,44800,81000000,2001,2017-10-16,주공아파트1차,46,11
387054,44800,65000000,1991,2017-10-20,"미성아파트 (A,B동)",79,2
387055,44800,73000000,2001,2017-10-23,주공아파트1차,46,15
387056,44800,107000000,1995,2017-10-25,대우아파트,84,10
387057,44800,67000000,1995,2017-10-28,대우아파트,59,4
387058,44800,64500000,1995,2017-10-30,대우아파트,59,2
387059,44800,80000000,2001,2017-10-30,주공아파트1차,46,3
387060,44800,247000000,2009,2017-10-02,신동아파밀리에,129,6
387061,44800,180000000,2009,2017-10-14,신동아파밀리에,84,3
387062,44800,75000000,1990,2017-10-23,미주,59,1
387063,44800,250000000,2009,2017-10-23,신동아파밀리에,129,3
387064,44800,189000000,2009,2017-10-25,신동아파밀리에,84,11
387065,44800,196000000,2009,2017-10-27,신동아파밀리에,84,7
387066,44800,212000000,2009,2017-10-27,신동아파밀리에,111,6
387067,44800,240000000,2009,2017-10-31,신동아파밀리에,111,7
387068,44800,53000000,1997,2017-10-24,현광,59,16
387069,44800,46000000,1997,2017-10-27,현광,59,9
387070,44800,55000000,1997,2017-10-31,현광,59,6
387071,44800,43000000,1998,2017-10-26,동진아파트,39,8
387072,44800,56000000,1998,2017-10-28,동진아파트,49,2
387073,44800,247000000,2014,2017-10-04,효성해링턴플레이스,84,14
387074,44800,182000000,2014,2017-10-08,효성해링턴플레이스,67,18
387075,44800,254000000,2016,2017-10-12,한울마을모아엘가아파트,84,16
387076,44800,209000000,2014,2017-10-13,극동스타클래스센트럴,76,16
387077,44800,245000000,2012,2017-10-14,롯데캐슬,84,2
387078,44800,210000000,2014,2017-10-14,효성해링턴플레이스,75,17
387079,44800,195000000,2014,2017-10-14,효성해링턴플레이스,75,5
387080,44800,244000000,2016,2017-10-17,한울마을모아엘가아파트,84,17
387081,44800,225000000,2012,2017-10-20,롯데캐슬,84,12
387082,44800,230000000,2012,2017-10-21,롯데캐슬,84,11
387083,44800,170000000,2014,2017-10-21,극동스타클래스센트럴,59,2
387084,44800,195000000,2015,2017-10-28,엘에이치스타힐스,84,4
387085,44800,230000000,2016,2017-10-29,한울마을모아엘가아파트,78,19
387086,44800,160000000,2014,2017-10-30,극동스타클래스센트럴,59,5
387087,44800,230000000,2016,2017-10-30,한울마을모아엘가아파트,78,21
387088,44800,180000000,2016,2017-10-31,내포신도시 경남아너스빌,59,7
387089,44800,250000000,2016,2017-10-31,한울마을모아엘가아파트,84,12
387090,44800,50000000,2012,2017-10-16,세청파크빌,49,2
387091,45710,80000000,1996,2017-10-10,삼례우성,59,19
387092,45710,61500000,1998,2017-10-13,삼례주공(1),49,6
387093,45710,50500000,1997,2017-10-18,대영1,42,8
387094,45710,85000000,1996,2017-10-23,삼례우성,59,16
387095,45710,64500000,1998,2017-10-23,삼례주공(1),49,11
387096,45710,80000000,1998,2017-10-10,삼례대명,59,5
387097,45710,76000000,1998,2017-10-14,삼례대명,59,2
387098,45710,87000000,1998,2017-10-17,삼례대명,59,15
387099,45710,205000000,2017,2017-10-13,제일오투그란데,84,11
387100,45710,129000000,2007,2017-10-12,전주렉시안,59,11
387101,45710,139000000,2005,2017-10-14,전주첨단코아루1차,84,2
387102,45710,145000000,2012,2017-10-14,모아엘가,69,13
387103,45710,164000000,2009,2017-10-14,라송센트럴카운티,84,5
387104,45710,145840000,2007,2017-10-14,전주렉시안,84,4
387105,45710,160000000,2007,2017-10-15,전주렉시안,84,13
387106,45710,186000000,2012,2017-10-16,전주과학산업단지벽산e-솔렌스힐,84,4
387107,45710,145000000,2005,2017-10-18,전주첨단코아루1차,84,6
387108,45710,139000000,2005,2017-10-18,전주첨단코아루1차,84,12
387109,45710,135000000,2005,2017-10-20,전주첨단코아루1차,84,3
387110,45710,171000000,2006,2017-10-21,전주첨단코아루2차,84,11
387111,45710,143000000,2005,2017-10-23,전주첨단코아루1차,84,4
387112,45710,165000000,2012,2017-10-23,전주과학산업단지벽산e-솔렌스힐,75,3
387113,45710,130000000,2012,2017-10-23,모아엘가,69,8
387114,45710,145000000,2012,2017-10-23,모아엘가,69,7
387115,45710,120000000,2012,2017-10-23,모아엘가,69,2
387116,45710,165000000,2009,2017-10-23,라송센트럴카운티,84,4
387117,45710,170000000,2009,2017-10-24,라송센트럴카운티,84,10
387118,45710,138000000,2012,2017-10-24,모아엘가,69,1
387119,45710,158000000,2009,2017-10-25,라송센트럴카운티,84,2
387120,45710,165000000,2012,2017-10-25,전주과학산업단지벽산e-솔렌스힐,75,9
387121,45710,171000000,2006,2017-10-26,전주첨단코아루2차,84,7
387122,45710,160000000,2009,2017-10-26,라송센트럴카운티,84,2
387123,45710,139000000,2005,2017-10-27,전주첨단코아루1차,84,5
387124,45710,142000000,2005,2017-10-30,전주첨단코아루1차,84,11
387125,45710,167000000,2006,2017-10-31,전주첨단코아루2차,84,3
387126,45710,154000000,2009,2017-10-31,라송센트럴카운티,84,3
387127,45710,80000000,1990,2017-10-12,진성,78,3
387128,45710,70000000,1993,2017-10-26,봉동2차 명진로얄,59,2
387129,45710,36000000,1995,2017-10-27,아람파크맨션,59,1
387130,45710,55000000,1995,2017-10-31,아람파크맨션,59,2
387131,45710,47000000,1997,2017-10-10,용진원주,55,13
387132,45710,68000000,1999,2017-10-22,대영,59,9
387133,45710,73000000,2001,2017-10-12,신세대지큐빌,59,2
387134,45710,79500000,2001,2017-10-14,신세대지큐빌,59,7
387135,45710,79000000,2001,2017-10-19,신세대지큐빌,59,6
387136,45710,114500000,2001,2017-10-27,신세대지큐빌,84,8
387137,45710,247000000,2013,2017-10-10,이노힐스아파트,84,2
387138,45710,261000000,2013,2017-10-17,이노힐스아파트,84,14
387139,45710,255000000,2013,2017-10-19,이노힐스아파트,84,8
387140,45710,257000000,2013,2017-10-22,이노힐스아파트,84,7
387141,45710,272500000,2013,2017-10-22,이노힐스아파트,84,12
387142,45710,258000000,2013,2017-10-27,이노힐스아파트,84,11
387143,45710,51000000,2004,2017-10-24,지엘하늘가,39,3
387144,45710,96000000,2001,2017-10-13,남양사이버,59,8
387145,45710,96000000,2001,2017-10-16,남양사이버,59,6
387146,45710,104000000,2001,2017-10-30,남양사이버,59,9
387147,45710,65000000,1999,2017-10-01,부영,58,2
387148,45710,53500000,1999,2017-10-17,부영,48,4
387149,41650,71000000,1993,2017-10-10,골든,59,6
387150,41650,130000000,1997,2017-10-10,한신,84,2
387151,41650,200000000,2008,2017-10-11,포천극동2차스타클래스,84,2
387152,41650,235000000,2008,2017-10-11,포천극동2차스타클래스,84,11
387153,41650,145000000,2004,2017-10-18,백자타운빌,58,10
387154,41650,145000000,2004,2017-10-18,백자타운빌,58,6
387155,41650,130000000,1993,2017-10-20,한국,117,9
387156,41650,105000000,1996,2017-10-23,현대,59,8
387157,41650,229000000,2008,2017-10-23,포천극동2차스타클래스,84,11
387158,41650,169500000,2005,2017-10-23,극동의푸른별1단지,84,2
387159,41650,107000000,1997,2017-10-31,한신,59,12
387160,41650,150000000,2001,2017-10-07,세창선단마을,81,5
387161,41650,150000000,2001,2017-10-11,세창선단마을,81,1
387162,41650,93000000,1996,2017-10-09,원일5차,44,1
387163,41650,246000000,2005,2017-10-10,석향마을대방노블랜드,84,20
387164,41650,410000000,2005,2017-10-13,석향마을대방노블랜드,162,11
387165,41650,122000000,1994,2017-10-15,한국개나리,59,3
387166,41650,123000000,1994,2017-10-16,한국개나리,59,8
387167,41650,216000000,1993,2017-10-17,원일산호,130,2
387168,41650,170000000,2005,2017-10-17,태봉마을,59,8
387169,41650,175000000,2005,2017-10-17,태봉마을,59,8
387170,41650,159000000,2005,2017-10-17,태봉마을,51,11
387171,41650,171000000,2005,2017-10-18,태봉마을,59,13
387172,41650,175000000,2005,2017-10-20,태봉마을,75,2
387173,41650,290000000,2005,2017-10-20,석향마을대방노블랜드,131,8
387174,41650,225000000,2005,2017-10-21,태봉마을,84,11
387175,41650,300000000,2005,2017-10-21,석향마을대방노블랜드,131,19
387176,41650,270000000,2005,2017-10-22,석향마을대방노블랜드,110,16
387177,41650,95000000,1989,2017-10-23,"금용로얄(305,306동)",61,3
387178,41650,158000000,2005,2017-10-23,태봉마을,51,9
387179,41650,168000000,2005,2017-10-24,태봉마을,59,5
387180,41650,215000000,2005,2017-10-25,송천마을,84,10
387181,41650,220000000,2005,2017-10-26,송천마을,84,15
387182,41650,133000000,1995,2017-10-27,원일산호2,59,5
387183,41650,210000000,2005,2017-10-28,송천마을,84,4
387184,41650,140000000,1993,2017-10-30,원일산호,82,9
387185,41650,170000000,2005,2017-10-30,태봉마을,59,8
387186,41650,132000000,2002,2017-10-31,대방,55,10
387187,41650,172000000,2002,2017-10-31,대방,80,14
387188,41650,87000000,1997,2017-10-12,상운,50,2
387189,41650,100000000,1997,2017-10-16,상운,59,14
387190,41650,90000000,1997,2017-10-20,상운,50,4
387191,41650,107000000,1997,2017-10-20,상운,59,12
387192,41650,119000000,2005,2017-10-30,포미재,84,10
387193,41650,49000000,1995,2017-10-12,신포천,44,12
387194,41650,52000000,2002,2017-10-14,산호,39,10
387195,41650,68000000,2003,2017-10-15,후레쉬빌,53,15
387196,41650,53000000,1995,2017-10-16,신포천,50,15
387197,41650,49000000,1995,2017-10-16,신포천,44,8
387198,41650,48500000,1995,2017-10-17,신포천,50,1
387199,41650,125000000,2002,2017-10-17,산호,84,5
387200,41650,70000000,2003,2017-10-18,후레쉬빌,49,8
387201,41650,52000000,1995,2017-10-20,신포천,50,11
387202,41650,78000000,2003,2017-10-21,후레쉬빌,53,6
387203,41650,72000000,2003,2017-10-22,후레쉬빌,53,8
387204,41650,77000000,2003,2017-10-27,후레쉬빌,53,2
387205,41650,54000000,1995,2017-10-28,신포천,50,5
387206,41650,48000000,2002,2017-10-28,산호,39,3
387207,41650,75000000,2003,2017-10-30,후레쉬빌,49,10
387208,42170,130000000,1992,2017-01-04,동아,77,5
387209,42170,135000000,1991,2017-01-06,삼성,84,6
387210,42170,135000000,1996,2017-01-07,롯데,84,2
387211,42170,128000000,1996,2017-01-11,롯데,84,6
387212,42170,120000000,1984,2017-01-12,천곡주공2차,59,2
387213,42170,133000000,1992,2017-01-12,현대1차,84,7
387214,42170,110000000,1985,2017-01-12,천곡주공3차,59,5
387215,42170,139800000,2000,2017-01-13,쌍용,83,10
387216,42170,54000000,1983,2017-01-14,천곡주공1차,43,3
387217,42170,58000000,1989,2017-01-16,천곡주공4차,39,2
387218,42170,131000000,1990,2017-01-23,한양1차,84,7
387219,42170,40000000,1989,2017-01-24,천곡주공4차,39,4
387220,42170,100850000,2010,2017-01-06,동해하나리움,59,10
387221,42170,210000000,2006,2017-01-07,푸르지오,84,11
387222,42170,100850000,2010,2017-01-09,동해하나리움,59,2
387223,42170,263000000,2010,2017-01-11,엘리시아,84,11
387224,42170,265000000,2010,2017-01-11,엘리시아,84,6
387225,42170,170000000,2010,2017-01-17,동해하나리움,59,6
387226,42170,272000000,2014,2017-01-19,코아루디오션,84,14
387227,42170,240000000,2014,2017-01-26,코아루디오션,84,1
387228,42170,76000000,1996,2017-01-02,범주성지,84,1
387229,42170,61000000,1993,2017-01-04,승우,59,1
387230,42170,50000000,1996,2017-01-11,범주성지,59,5
387231,42170,65000000,1996,2017-01-18,범주성지,59,1
387232,42170,64500000,1996,2017-01-19,범주성지,59,1
387233,42170,152000000,2013,2017-01-07,동아더프라임2단지,59,4
387234,42170,207000000,2007,2017-01-04,북삼코아루,84,5
387235,42170,109500000,1998,2017-01-06,현대4차,59,6
387236,42170,222000000,2007,2017-01-19,북삼코아루,84,6
387237,42170,245000000,2007,2017-01-20,북삼코아루,103,16
387238,42170,73500000,1998,2017-01-24,현대4차,45,6
387239,42170,120000000,1995,2017-01-25,"대동1,2차",73,6
387240,42170,86000000,2012,2017-01-01,아름다운아침,49,15
387241,42170,68800000,2012,2017-01-05,아름다운아침,39,12
387242,42170,68800000,2012,2017-01-09,아름다운아침,39,12
387243,42170,68800000,2012,2017-01-10,아름다운아침,39,14
387244,42170,68800000,2012,2017-01-10,아름다운아침,39,9
387245,42170,86000000,2012,2017-01-11,아름다운아침,49,6
387246,42170,68800000,2012,2017-01-12,아름다운아침,39,13
387247,42170,68800000,2012,2017-01-13,아름다운아침,39,6
387248,42170,86000000,2012,2017-01-14,아름다운아침,49,6
387249,42170,68800000,2012,2017-01-16,아름다운아침,39,15
387250,42170,68800000,2012,2017-01-16,아름다운아침,39,14
387251,42170,86000000,2012,2017-01-19,아름다운아침,49,5
387252,42170,86000000,2012,2017-01-20,아름다운아침,49,1
387253,42170,68800000,2012,2017-01-25,아름다운아침,39,15
387254,42170,98000000,2012,2017-01-31,아름다운아침,60,11
387255,42170,28000000,1981,2017-01-05,동해,63,4
387256,42170,29000000,1982,2017-01-11,동화,62,6
387257,42170,40000000,1991,2017-01-24,삼화미성,49,2
387258,42170,40000000,1991,2017-01-06,강경,57,3
387259,42170,12000000,1989,2017-01-06,유성,24,3
387260,42170,30000000,1990,2017-01-16,경민1차,53,4
387261,42170,71500000,1999,2017-01-05,이도1주공,49,9
387262,42170,70000000,1999,2017-01-09,이도1주공,49,14
387263,42170,91000000,1999,2017-01-10,이도2주공,59,2
387264,42170,71000000,1999,2017-01-10,이도1주공,49,2
387265,42170,106000000,1999,2017-01-12,이도2주공,59,6
387266,42170,49500000,1996,2017-01-18,강변,49,6
387267,42170,70000000,1999,2017-01-26,이도1주공,49,10
387268,42170,46000000,1996,2017-01-09,삼본임대,40,4
387269,42170,46500000,1996,2017-01-18,삼본임대,40,2
387270,42170,43700000,1996,2017-01-19,삼본임대,40,3
387271,42170,30000000,2007,2017-01-18,동해규수방,45,5
387272,41650,96000000,1993,2017-11-01,골든,75,15
387273,41650,72750000,1999,2017-11-01,일신,39,7
387274,41650,102000000,1997,2017-11-02,한신,59,4
387275,41650,90000000,1993,2017-11-03,한국,59,10
387276,41650,67500000,1999,2017-11-07,일신,39,22
387277,41650,205000000,2008,2017-11-09,포천극동2차스타클래스,84,9
387278,41650,200000000,2008,2017-11-09,포천극동2차스타클래스,84,8
387279,41650,224000000,2008,2017-11-15,포천극동2차스타클래스,84,2
387280,41650,72500000,1993,2017-11-17,골든,59,11
387281,41650,99000000,1999,2017-11-18,유한,59,3
387282,41650,69500000,1999,2017-11-18,일신,39,6
387283,41650,185000000,2005,2017-11-19,극동의푸른별1단지,84,10
387284,41650,95000000,1993,2017-11-20,골든,84,6
387285,41650,192000000,2005,2017-11-20,극동의푸른별1단지,84,7
387286,41650,109000000,1997,2017-11-24,한신,59,15
387287,41650,144500000,1996,2017-11-25,현대,84,10
387288,41650,150000000,1997,2017-11-27,한신,84,14
387289,41650,115000000,1994,2017-11-01,한국개나리,59,4
387290,41650,214000000,2005,2017-11-02,태봉마을,84,4
387291,41650,70000000,1988,2017-11-03,금용로얄,36,3
387292,41650,119000000,1994,2017-11-03,한국개나리,59,6
387293,41650,170000000,2005,2017-11-05,태봉마을,59,8
387294,41650,189000000,2005,2017-11-06,송천마을,84,1
387295,41650,210000000,2005,2017-11-07,태봉마을,84,16
387296,41650,95000000,1996,2017-11-09,원일5차,44,6
387297,41650,125000000,1997,2017-11-14,전원우정아파트,59,6
387298,41650,280000000,2005,2017-11-14,영화,122,13
387299,41650,133000000,1997,2017-11-14,전원우정아파트,59,5
387300,41650,300000000,2005,2017-11-15,석향마을대방노블랜드,131,7
387301,41650,179000000,2005,2017-11-18,태봉마을,59,8
387302,41650,202000000,2005,2017-11-20,송천마을,84,5
387303,41650,198000000,2005,2017-11-22,태봉마을,75,12
387304,41650,210000000,2005,2017-11-23,송천마을,84,7
387305,41650,223000000,2005,2017-11-24,태봉마을,84,18
387306,41650,213000000,2005,2017-11-25,송천마을,84,4
387307,41650,270000000,2005,2017-11-26,영화,122,6
387308,41650,200000000,2005,2017-11-27,송천마을,84,4
387309,41650,280000000,2005,2017-11-27,영화,122,6
387310,41650,190000000,2005,2017-11-28,송천마을,75,3
387311,41650,288000000,2005,2017-11-29,석향마을대방노블랜드,110,5
387312,41650,285000000,2005,2017-11-30,영화,122,10
387313,41650,160000000,2002,2017-11-10,대방,70,8
387314,41650,154000000,2002,2017-11-14,대방,70,7
387315,41650,152000000,2002,2017-11-20,대방,70,5
387316,41650,102000000,1997,2017-11-02,상운,59,10
387317,41650,107000000,1997,2017-11-15,상운,59,13
387318,41650,64500000,1990,2017-11-03,골든주택,84,4
387319,41650,86500000,2005,2017-11-15,포미재,66,4
387320,41650,50500000,2003,2017-11-23,거산,59,1
387321,41650,72000000,2003,2017-11-01,후레쉬빌,49,6
387322,41650,71000000,2003,2017-11-06,후레쉬빌,49,4
387323,41650,48000000,1995,2017-11-08,신포천,50,5
387324,41650,49000000,1995,2017-11-25,신포천,44,12
387325,41650,53000000,1995,2017-11-28,신포천,50,8
387326,41650,180000000,2006,2017-11-06,일동기산베스트빌,84,10
387327,41650,150000000,2006,2017-11-11,일동기산베스트빌,84,2
387328,41650,183000000,2006,2017-11-13,일동기산베스트빌,84,11
387329,41650,57000000,1994,2017-11-23,리버,59,11
387330,41650,160000000,2006,2017-11-30,일동기산베스트빌,74,10
387331,43750,140000000,2004,2017-06-03,해오름,110,4
387332,43750,95000000,2000,2017-06-14,진천교성주공,49,10
387333,43750,108000000,2000,2017-06-18,진천교성주공,49,15
387334,43750,85000000,2000,2017-06-21,진천교성주공,49,10
387335,43750,208500000,2016,2017-06-28,진천1차대명루첸,73,16
387336,43750,68000000,1996,2017-06-08,삼진동산,59,9
387337,43750,34000000,1996,2017-06-20,삼진동산,28,11
387338,43750,35000000,1996,2017-06-20,삼진동산,28,7
387339,43750,128000000,2016,2017-06-23,진천양우내안애해오르미,58,8
387340,43750,64500000,1996,2017-06-28,삼진동산,59,2
387341,43750,56000000,1996,2017-06-30,삼진동산,48,7
387342,43750,110000000,1999,2017-06-10,정암옥당,88,5
387343,43750,46000000,1994,2017-06-05,우주동백,50,2
387344,43750,100000000,2003,2017-06-05,산호오크힐,59,8
387345,43750,137500000,2003,2017-06-12,산호오크힐,84,9
387346,43750,47500000,1999,2017-06-13,동백3차아파트,29,2
387347,43750,102000000,2003,2017-06-19,산호오크힐,59,11
387348,43750,105000000,1999,2017-06-24,동백3차아파트,84,9
387349,43750,133000000,2003,2017-06-26,산호오크힐,84,2
387350,43750,165000000,2009,2017-06-01,남해오네뜨,73,5
387351,43750,64000000,1996,2017-06-02,우주동백2,50,1
387352,43750,72000000,1996,2017-06-02,우주동백2,50,10
387353,43750,182000000,2009,2017-06-14,남해오네뜨,73,15
387354,43750,81000000,1996,2017-06-25,우주동백2,59,14
387355,43750,170000000,2009,2017-06-26,남해오네뜨,84,12
387356,43750,222000000,2016,2017-06-17,영무예다음2차,84,14
387357,43750,48000000,1992,2017-06-04,아담1차나동,59,4
387358,43750,49000000,1992,2017-06-29,아담1차가동,59,4
387359,43750,40000000,2002,2017-06-08,나우하이빌,33,9
387360,43750,39000000,2002,2017-06-10,나우하이빌,33,12
387361,43750,59000000,2002,2017-06-12,나우하이빌,50,5
387362,43750,31000000,2000,2017-06-01,경향렉스빌,35,11
387363,43750,37000000,2000,2017-06-01,경향렉스빌,40,8
387364,43750,35500000,2000,2017-06-01,경향렉스빌,40,6
387365,43750,20000000,1996,2017-06-30,백곡정암,58,6
387366,43750,124000000,2008,2017-06-26,현진포르테,84,3
387367,43750,68000000,2000,2017-06-10,갑을아파트,49,8
387368,43750,65000000,2000,2017-06-15,갑을아파트,49,4
387369,43750,70000000,2000,2017-06-20,갑을아파트,49,5
387370,43750,50000000,2000,2017-06-27,갑을아파트,39,9
387371,43750,65000000,1992,2017-06-01,원림,53,5
387372,43750,180000000,2010,2017-06-02,광혜원코아루,84,8
387373,43750,237000000,2010,2017-06-03,광혜원코아루,128,11
387374,43750,124000000,2003,2017-06-04,진천광혜원주공,59,13
387375,43750,57000000,1991,2017-06-05,주연,59,4
387376,43750,60000000,1989,2017-06-06,정암(101-1),59,1
387377,43750,85000000,1995,2017-06-07,목화2,59,5
387378,43750,36000000,2009,2017-06-16,산호2차,25,6
387379,43750,54000000,1995,2017-06-19,아담산호,40,4
387380,43750,54000000,1999,2017-06-19,산일전원APT,37,3
387381,43750,80000000,1992,2017-06-21,원림,59,15
387382,43750,58000000,2009,2017-06-22,산호2차,39,8
387383,43750,125000000,2003,2017-06-24,진천광혜원주공,59,8
387384,43750,119000000,2003,2017-06-25,진천광혜원주공,59,4
387385,43750,124000000,2003,2017-06-26,진천광혜원주공,59,7
387386,43750,152000000,2008,2017-06-27,석미모닝파크,84,7
387387,43750,34000000,2009,2017-06-29,산호2차,25,2
387388,43750,212000000,2010,2017-06-29,광혜원코아루,119,7
387389,42170,100000000,1992,2017-12-01,동아,77,8
387390,42170,145000000,1992,2017-12-01,현대1차,84,12
387391,42170,93000000,1981,2017-12-04,중앙,60,5
387392,42170,123000000,1991,2017-12-05,삼성,73,5
387393,42170,190000000,1991,2017-12-05,삼성,84,3
387394,42170,127000000,1990,2017-12-06,한양1차,84,3
387395,42170,55000000,1991,2017-12-07,시영2차,49,1
387396,42170,55000000,1994,2017-12-10,범주성지(가나),59,1
387397,42170,169000000,2003,2017-12-12,센트로빌,79,15
387398,42170,97000000,1984,2017-12-13,천곡주공2차,49,2
387399,42170,200000000,2016,2017-12-13,한양수자인,71,9
387400,42170,37000000,1989,2017-12-13,천곡주공4차,39,5
387401,42170,100000000,1984,2017-12-14,천곡주공2차,59,4
387402,42170,150000000,1991,2017-12-15,삼성,73,13
387403,42170,100000000,1992,2017-12-15,현대1차,71,15
387404,42170,108000000,1990,2017-12-15,한양1차,68,7
387405,42170,55000000,1989,2017-12-15,천곡주공4차,39,2
387406,42170,117000000,1992,2017-12-18,현대1차,71,7
387407,42170,49000000,1989,2017-12-21,천곡주공4차,39,3
387408,42170,108000000,1992,2017-12-21,현대1차,71,10
387409,42170,143000000,1992,2017-12-21,현대1차,84,11
387410,42170,54500000,1991,2017-12-26,시영2차,49,2
387411,42170,67000000,1989,2017-12-26,천곡주공4차,46,2
387412,42170,53500000,1989,2017-12-27,천곡주공4차,39,3
387413,42170,68000000,1983,2017-12-28,천곡주공1차,51,1
387414,42170,153970000,2000,2017-12-29,쌍용,83,12
387415,42170,223000000,2017,2017-12-05,렉시움,84,7
387416,42170,172000000,2010,2017-12-11,동해하나리움,59,9
387417,42170,180000000,2010,2017-12-14,동해하나리움,59,10
387418,42170,187000000,2006,2017-12-18,푸르지오,84,1
387419,42170,266000000,2014,2017-12-20,코아루디오션,84,10
387420,42170,250000000,2014,2017-12-22,코아루디오션,84,9
387421,42170,252000000,2010,2017-12-26,엘리시아,84,11
387422,42170,194000000,2013,2017-12-08,동아더프라임2단지,84,3
387423,42170,162000000,2013,2017-12-19,동아더프라임2단지,59,17
387424,42170,185000000,2013,2017-12-28,동아더프라임2단지,84,14
387425,42170,150000000,1995,2017-12-02,"대동1,2차",84,6
387426,42170,75000000,1995,2017-12-05,"대동1,2차",45,13
387427,42170,223000000,1999,2017-12-06,현대5차,134,1
387428,42170,72000000,1995,2017-12-12,"대동1,2차",45,12
387429,42170,72000000,1996,2017-12-18,대동3차,45,7
387430,42170,130000000,1998,2017-12-22,현대4차,73,11
387431,42170,71000000,1995,2017-12-26,협성1차,59,4
387432,42170,91500000,1996,2017-12-29,대동3차,59,1
387433,42170,63000000,1995,2017-12-29,협성1차,59,1
387434,42170,65000000,1993,2017-12-01,영동4차,59,2
387435,42170,92000000,2012,2017-12-27,아름다운아침,60,1
387436,42170,75000000,1994,2017-12-02,삼정상가2차,59,3
387437,42170,143000000,2005,2017-12-11,선샤인파크,84,16
387438,42170,120000000,2005,2017-12-15,선샤인파크,84,10
387439,42170,40000000,1995,2017-12-26,유존,35,11
387440,42170,30000000,1996,2017-12-26,일정골든타워,30,9
387441,42170,63000000,1995,2017-12-26,유존,59,6
387442,42170,41000000,1995,2017-12-30,유존,35,12
387443,42170,54500000,1991,2017-12-01,경민2차,79,5
387444,42170,23000000,1985,2017-12-19,우석1차,32,5
387445,42170,37500000,1985,2017-12-20,우석1차,32,4
387446,42170,70000000,1995,2017-12-14,현진,59,5
387447,42170,73000000,1991,2017-12-11,성협3차,84,5
387448,42170,23000000,1998,2017-12-19,성협5차,31,2
387449,42170,75000000,1999,2017-12-04,이도1주공,49,9
387450,42170,60000000,1996,2017-12-19,강변,59,1
387451,42170,69000000,1999,2017-12-21,이도1주공,49,15
387452,44230,140000000,2002,2017-03-18,한청리츠빌,84,10
387453,44230,188180000,2016,2017-03-07,논산 인터불고 코아루,71,9
387454,44230,188580000,2016,2017-03-07,논산 인터불고 코아루,71,9
387455,44230,188580000,2016,2017-03-11,논산 인터불고 코아루,71,6
387456,44230,188180000,2016,2017-03-23,논산 인터불고 코아루,71,10
387457,44230,188880000,2016,2017-03-30,논산 인터불고 코아루,71,2
387458,44230,24300000,1991,2017-03-02,홈테크,37,1
387459,44230,39000000,1989,2017-03-04,주공,46,5
387460,44230,162000000,1997,2017-03-13,대림,101,19
387461,44230,94500000,1997,2017-03-20,대림,59,7
387462,44230,92000000,1997,2017-03-22,대림,59,10
387463,44230,195000000,2012,2017-03-22,모닝빌,84,6
387464,44230,59000000,2000,2017-03-03,세중세미클래식,36,4
387465,44230,62000000,2000,2017-03-10,세중세미클래식,36,13
387466,44230,90000000,2002,2017-03-13,주공1단지,46,2
387467,44230,61000000,2000,2017-03-15,세중세미클래식,36,14
387468,44230,93500000,2002,2017-03-16,주공1단지,46,9
387469,44230,193500000,2007,2017-03-23,계룡리슈빌,84,1
387470,44230,267000000,2014,2017-03-04,엘에이치리벤하임,84,12
387471,44230,76000000,1994,2017-03-08,놀뫼타운,54,8
387472,44230,143000000,2014,2017-03-08,엘에이치리벤하임,51,12
387473,44230,65000000,1994,2017-03-10,놀뫼타운,54,1
387474,44230,96000000,1994,2017-03-14,아주,59,7
387475,44230,153000000,2003,2017-03-14,논산제이파크1단지,84,2
387476,44230,69000000,1994,2017-03-17,아주,55,1
387477,44230,170000000,2003,2017-03-19,논산제이파크1단지,84,9
387478,44230,133000000,1994,2017-03-20,놀뫼타운,84,4
387479,44230,240000000,2014,2017-03-20,엘에이치리벤하임,84,2
387480,44230,163000000,2003,2017-03-20,논산제이파크1단지,84,15
387481,44230,173000000,2014,2017-03-21,엘에이치리벤하임,59,8
387482,44230,231000000,2014,2017-03-22,엘에이치리벤하임,74,17
387483,44230,228000000,2014,2017-03-27,엘에이치리벤하임,74,14
387484,44230,173000000,2003,2017-03-30,논산제이파크2단지,84,8
387485,44230,83000000,2000,2017-03-03,논산강산한신청솔,59,11
387486,44230,122000000,1995,2017-03-06,동신,77,1
387487,44230,122000000,1995,2017-03-10,동신,77,1
387488,44230,83000000,1996,2017-03-10,부영,59,5
387489,44230,55000000,1996,2017-03-10,부영,39,7
387490,44230,55000000,1996,2017-03-10,부영,39,6
387491,44230,65000000,1996,2017-03-13,부영,48,4
387492,44230,84000000,2000,2017-03-15,논산강산한신청솔,59,12
387493,44230,84000000,2000,2017-03-15,논산강산한신청솔,59,6
387494,44230,65000000,1996,2017-03-16,부영,48,11
387495,44230,71000000,1996,2017-03-16,부영,48,7
387496,44230,145000000,1995,2017-03-17,동신,77,12
387497,44230,76000000,1996,2017-03-18,부영,59,13
387498,44230,75000000,1996,2017-03-18,부영,59,8
387499,44230,64000000,1996,2017-03-19,부영,48,9
387500,44230,84000000,2000,2017-03-24,논산강산한신청솔,59,2
387501,44230,79000000,1996,2017-03-26,부영,59,13
387502,44230,85000000,2000,2017-03-27,논산강산한신청솔,59,8
387503,44230,127000000,2008,2017-03-03,강경클래시움,65,11
387504,44230,55000000,1993,2017-03-13,보성리버맨션,59,13
387505,44230,34500000,2001,2017-03-10,금강빌리지임대,39,7
387506,44230,35000000,2001,2017-03-14,금강빌리지임대,39,15
387507,44230,41000000,2001,2017-03-24,금강빌리지임대,39,4
387508,44230,145000000,1997,2017-03-08,기산,129,15
387509,44230,120000000,1997,2017-03-10,기산,84,6
387510,44230,100000000,1997,2017-03-13,기산,84,8
387511,44230,70000000,1997,2017-03-23,기산,57,3
387512,41670,100000000,1994,2017-06-02,상우2차,59,5
387513,41670,83000000,1994,2017-06-05,상우2차,48,4
387514,41670,165000000,1993,2017-06-12,상우1차,84,1
387515,41670,178500000,1993,2017-06-12,상우1차,124,1
387516,41670,138500000,2001,2017-06-14,동원,49,6
387517,41670,194000000,1995,2017-06-05,현대,84,3
387518,41670,160000000,1995,2017-06-15,현대,59,18
387519,41670,200000000,2001,2017-06-01,삼성명가타운,84,8
387520,41670,175000000,1998,2017-06-05,강남,84,8
387521,41670,198000000,1998,2017-06-06,강남,84,11
387522,41670,199000000,2001,2017-06-07,삼성명가타운,84,10
387523,41670,189000000,2001,2017-06-08,삼성명가타운,84,8
387524,41670,130000000,1998,2017-06-13,강남,59,1
387525,41670,202000000,2001,2017-06-13,삼성명가타운,84,9
387526,41670,209000000,2003,2017-06-15,호반리젠시빌,84,10
387527,41670,325000000,2006,2017-06-18,예일세띠앙,116,14
387528,41670,170000000,1998,2017-06-24,강남,84,15
387529,41670,259000000,2006,2017-06-29,예일세띠앙,84,15
387530,41670,144000000,2005,2017-06-12,보광그랑베르,61,6
387531,41670,153000000,2005,2017-06-19,보광그랑베르,61,5
387532,41670,127000000,2000,2017-06-26,한성,59,6
387533,41670,120000000,2000,2017-06-29,한성,59,10
387534,41670,156000000,2005,2017-06-29,보광그랑베르,61,12
387535,41670,130000000,2000,2017-06-01,부영 사랑으로,48,10
387536,41670,98000000,2000,2017-06-04,부영 사랑으로,38,14
387537,41670,98500000,2000,2017-06-08,부영 사랑으로,38,6
387538,41670,97000000,2000,2017-06-15,부영 사랑으로,38,14
387539,41670,119500000,1991,2017-06-17,인창,84,3
387540,41670,102000000,2000,2017-06-28,부영 사랑으로,38,10
387541,41670,101000000,2000,2017-06-28,부영 사랑으로,38,7
387542,41670,125000000,1991,2017-06-29,인창,84,3
387543,41670,138000000,2008,2017-06-17,정광휴레나,59,7
387544,41670,192000000,2014,2017-06-01,여주오드카운티,59,4
387545,41670,92000000,1998,2017-06-16,현진에버빌,52,16
387546,41670,191000000,2014,2017-06-17,여주오드카운티,59,9
387547,41670,234000000,2014,2017-06-18,여주오드카운티,74,5
387548,41670,298500000,2009,2017-06-21,신도브래뉴리버뷰,126,11
387549,41670,325000000,2009,2017-06-30,신도브래뉴리버뷰,126,7
387550,41670,285000000,2009,2017-06-30,성일우리미,147,8
387551,41670,81000000,1997,2017-06-05,벽산늘푸른,37,15
387552,41670,252000000,2009,2017-06-08,이안여주강변,84,9
387553,41670,255000000,2009,2017-06-15,이안여주강변,84,18
387554,41670,79000000,1997,2017-06-20,벽산늘푸른,37,3
387555,41670,80000000,1997,2017-06-20,벽산늘푸른,37,5
387556,41670,76000000,1997,2017-06-22,벽산늘푸른,37,13
387557,41670,75500000,1997,2017-06-23,벽산늘푸른,37,16
387558,41670,65000000,1997,2017-06-27,벽산늘푸른,37,6
387559,41670,93000000,2008,2017-06-23,굿모닝타워,56,11
387560,41670,163000000,2001,2017-06-02,현진에버빌-2,70,3
387561,41670,89000000,1997,2017-06-05,동남,59,1
387562,41670,57000000,2000,2017-06-05,현진에버빌-1,28,17
387563,41670,60000000,2000,2017-06-07,현진에버빌-1,28,4
387564,41670,59700000,2000,2017-06-07,현진에버빌-1,28,6
387565,41670,87000000,2000,2017-06-08,현진에버빌-1,39,6
387566,41670,82000000,2000,2017-06-09,현진에버빌-1,39,8
387567,41670,146000000,2001,2017-06-15,현진에버빌-2,70,1
387568,41670,54000000,2000,2017-06-16,현진에버빌-1,28,17
387569,41670,84000000,2000,2017-06-17,현진에버빌-1,39,14
387570,41670,99000000,2000,2017-06-17,현진에버빌-1,49,5
387571,41670,68320000,1999,2017-06-15,세광리치타운(101동-108동),58,4
387572,41670,78000000,1999,2017-06-17,세광리치타운(101동-108동),58,2
387573,45710,39500000,1998,2017-05-09,삼례주공(1),39,12
387574,45710,44000000,1998,2017-05-16,삼례주공(1),39,4
387575,45710,90000000,1994,2017-05-20,동원맨션,84,10
387576,45710,30500000,1997,2017-05-28,대영1,33,3
387577,45710,29000000,1997,2017-05-29,대영1,33,2
387578,45710,50000000,1998,2017-05-29,삼례주공(1),39,11
387579,45710,80000000,1996,2017-05-30,삼례우성,59,15
387580,45710,63000000,1998,2017-05-31,삼례주공(1),49,2
387581,45710,50000000,1999,2017-05-18,대림,52,8
387582,45710,68000000,1998,2017-05-25,삼례대명,59,3
387583,45710,70500000,1998,2017-05-26,삼례대명,59,13
387584,45710,59000000,1999,2017-05-27,대림,53,9
387585,45710,171100000,2017,2017-05-25,제일오투그란데,70,14
387586,45710,169000000,2009,2017-05-05,라송센트럴카운티,84,7
387587,45710,160000000,2009,2017-05-10,라송센트럴카운티,84,2
387588,45710,164000000,2009,2017-05-12,라송센트럴카운티,84,12
387589,45710,155500000,2012,2017-05-12,모아엘가,69,8
387590,45710,140000000,2012,2017-05-12,모아엘가,69,7
387591,45710,151000000,2006,2017-05-15,전주첨단코아루2차,74,1
387592,45710,171000000,2006,2017-05-16,전주첨단코아루2차,84,14
387593,45710,122600000,2012,2017-05-18,모아엘가,69,11
387594,45710,141000000,2005,2017-05-20,전주첨단코아루1차,84,3
387595,45710,162000000,2006,2017-05-23,전주첨단코아루2차,74,12
387596,45710,148000000,2012,2017-05-23,모아엘가,69,11
387597,45710,118500000,2012,2017-05-23,모아엘가,69,4
387598,45710,159000000,2009,2017-05-25,라송센트럴카운티,84,1
387599,45710,58000000,1990,2017-05-06,진성,72,3
387600,45710,67000000,1999,2017-05-18,봉동한신2차,59,2
387601,45710,67000000,1999,2017-05-26,봉동한신2차,59,9
387602,45710,59000000,1997,2017-05-10,봉동한신아파트,59,11
387603,45710,60000000,1997,2017-05-18,봉동한신아파트,59,12
387604,45710,53000000,1997,2017-05-20,봉동한신아파트,59,1
387605,45710,64000000,1999,2017-05-03,대영,59,6
387606,45710,30000000,1997,2017-05-11,용진원주,37,5
387607,45710,73000000,1999,2017-05-13,대영,59,9
387608,45710,39000000,1997,2017-05-16,용진원주,53,1
387609,45710,78000000,2001,2017-05-02,신세대지큐빌,59,6
387610,45710,77000000,2001,2017-05-13,신세대지큐빌,59,16
387611,45710,79500000,2001,2017-05-13,신세대지큐빌,59,8
387612,45710,81500000,2001,2017-05-25,신세대지큐빌,59,13
387613,45710,250000000,2013,2017-05-10,이노힐스아파트,84,14
387614,45710,248000000,2013,2017-05-11,이노힐스아파트,84,7
387615,45710,248000000,2013,2017-05-13,이노힐스아파트,84,4
387616,45710,269000000,2013,2017-05-14,이노힐스아파트,84,8
387617,45710,245000000,2013,2017-05-18,이노힐스아파트,84,7
387618,45710,220000000,2013,2017-05-23,이노힐스아파트,84,4
387619,45710,255000000,2013,2017-05-30,이노힐스아파트,84,17
387620,45710,210000000,2013,2017-05-31,이노힐스아파트,74,20
387621,45710,50000000,2004,2017-05-17,지엘하늘가,39,7
387622,45710,52000000,2004,2017-05-31,지엘하늘가,39,12
387623,45710,93500000,2001,2017-05-11,남양사이버,59,11
387624,45710,95000000,2001,2017-05-13,남양사이버,59,6
387625,45710,90000000,2001,2017-05-18,남양사이버,59,1
387626,45710,96000000,2001,2017-05-20,남양사이버,59,2
387627,45710,95000000,2001,2017-05-31,남양사이버,59,13
387628,45710,53000000,1999,2017-05-07,부영,48,15
387629,45710,68300000,1999,2017-05-10,부영,58,11
387630,45710,64000000,1999,2017-05-31,부영,48,6
387631,43750,94000000,2000,2017-05-01,진천교성주공,49,2
387632,43750,90000000,2000,2017-05-02,진천교성주공,49,2
387633,43750,98000000,2000,2017-05-06,진천교성주공,49,5
387634,43750,100000000,2000,2017-05-09,진천교성주공,49,5
387635,43750,94000000,2000,2017-05-10,진천교성주공,49,9
387636,43750,95000000,2000,2017-05-11,진천교성주공,49,5
387637,43750,88000000,2000,2017-05-11,진천교성주공,49,8
387638,43750,90000000,2000,2017-05-12,진천교성주공,49,12
387639,43750,220000000,2016,2017-05-13,진천1차대명루첸,73,18
387640,43750,102000000,2000,2017-05-16,진천교성주공,49,11
387641,43750,99000000,2000,2017-05-18,진천교성주공,49,5
387642,43750,98000000,2000,2017-05-19,진천교성주공,49,7
387643,43750,94000000,2000,2017-05-23,진천교성주공,49,11
387644,43750,161000000,2007,2017-05-25,웰스빌,84,1
387645,43750,96000000,2000,2017-05-30,진천교성주공,49,12
387646,43750,140000000,2008,2017-05-13,진천영화블렌하임,84,14
387647,43750,70000000,1996,2017-05-15,삼진동산,59,8
387648,43750,35000000,1996,2017-05-23,삼진동산,28,8
387649,43750,127740000,2016,2017-05-26,진천양우내안애해오르미,58,7
387650,43750,107000000,1991,2017-05-30,장산,83,9
387651,43750,50000000,1994,2017-05-04,우주동백,50,3
387652,43750,64000000,1994,2017-05-15,우주동백,59,8
387653,43750,135000000,2016,2017-05-15,진천우림필유,59,3
387654,43750,98000000,2003,2017-05-17,산호오크힐,59,12
387655,43750,54000000,1994,2017-05-22,우주동백,50,7
387656,43750,45000000,1994,2017-05-22,우주동백,50,8
387657,43750,60000000,1996,2017-05-01,우주동백2,50,1
387658,43750,62500000,1996,2017-05-01,우주동백2,50,15
387659,43750,213000000,2016,2017-05-13,영무예다음2차,84,2
387660,43750,230000000,2016,2017-05-13,영무예다음2차,84,13
387661,43750,231000000,2016,2017-05-15,영무예다음2차,84,17
387662,43750,204000000,2016,2017-05-20,영무예다음2차,75,12
387663,43750,235000000,2016,2017-05-22,영무예다음2차,84,17
387664,43750,38000000,2002,2017-05-08,나우하이빌,33,10
387665,43750,39000000,2002,2017-05-15,나우하이빌,33,10
387666,43750,62000000,1995,2017-05-06,정암문백,59,1
387667,43750,140000000,2008,2017-05-02,현진포르테,84,12
387668,43750,55500000,1991,2017-05-10,태양,59,5
387669,43750,35000000,1992,2017-05-15,이월삼풍,54,3
387670,43750,134000000,2008,2017-05-29,현진포르테,84,6
387671,43750,69500000,2000,2017-05-16,갑을아파트,49,14
387672,43750,67000000,2000,2017-05-18,갑을아파트,49,13
387673,43750,52500000,2000,2017-05-18,갑을아파트,39,7
387674,43750,63000000,2000,2017-05-24,갑을아파트,49,2
387675,43750,68000000,2000,2017-05-26,갑을아파트,49,13
387676,43750,50000000,2000,2017-05-26,갑을아파트,39,10
387677,43750,50000000,2000,2017-05-27,갑을아파트,39,13
387678,43750,113000000,2003,2017-05-01,진천광혜원주공,51,11
387679,43750,170000000,2010,2017-05-09,광혜원코아루,84,11
387680,43750,37000000,2009,2017-05-10,산호2차,25,12
387681,43750,239000000,2010,2017-05-13,광혜원코아루,128,5
387682,43750,200000000,2010,2017-05-14,광혜원코아루,119,2
387683,43750,108000000,2003,2017-05-16,진천광혜원주공,51,7
387684,43750,37000000,1995,2017-05-17,아담산호,27,4
387685,43750,37000000,1995,2017-05-17,아담산호,27,4
387686,43750,32000000,1995,2017-05-26,아담산호,27,6
387687,43750,54000000,1999,2017-05-29,산일전원APT,37,16
387688,42190,85000000,2004,2017-06-01,태백3주공,51,7
387689,42190,46000000,1985,2017-06-02,주공2,39,2
387690,42190,171000000,2014,2017-06-02,에코빌,84,7
387691,42190,149500000,2007,2017-06-02,영조아름다운나날,84,10
387692,42190,35000000,1989,2017-06-05,공무원,45,4
387693,42190,148680000,2014,2017-06-05,대산2차하이츠빌,59,14
387694,42190,47000000,2001,2017-06-05,태백황지청솔,38,5
387695,42190,88000000,1996,2017-06-05,현대,59,12
387696,42190,43000000,1985,2017-06-05,주공2,47,1
387697,42190,36000000,1985,2017-06-07,주공2,39,5
387698,42190,34000000,1987,2017-06-08,우석(106동-107동),41,3
387699,42190,27500000,1991,2017-06-09,청록,44,3
387700,42190,50500000,2001,2017-06-09,태백황지청솔,38,3
387701,42190,43500000,1983,2017-06-12,주공,45,5
387702,42190,90700000,2000,2017-06-12,선명3차,59,4
387703,42190,31000000,1983,2017-06-13,주공,39,4
387704,42190,60000000,1988,2017-06-15,대윤,57,5
387705,42190,136040000,2014,2017-06-15,대산2차하이츠빌,59,14
387706,42190,138840000,2014,2017-06-15,대산2차하이츠빌,59,13
387707,42190,138840000,2014,2017-06-15,대산2차하이츠빌,59,12
387708,42190,138840000,2014,2017-06-15,대산2차하이츠빌,59,11
387709,42190,148160000,2014,2017-06-15,대산2차하이츠빌,59,8
387710,42190,138880000,2014,2017-06-15,대산2차하이츠빌,59,2
387711,42190,121540000,2014,2017-06-15,대산2차하이츠빌,59,1
387712,42190,150660000,2014,2017-06-15,대산2차하이츠빌,59,12
387713,42190,150660000,2014,2017-06-15,대산2차하이츠빌,59,11
387714,42190,150660000,2014,2017-06-15,대산2차하이츠빌,59,9
387715,42190,201270000,2014,2017-06-15,대산2차하이츠빌,84,12
387716,42190,201270000,2014,2017-06-15,대산2차하이츠빌,84,10
387717,42190,201270000,2014,2017-06-15,대산2차하이츠빌,84,9
387718,42190,40500000,1985,2017-06-16,주공2,39,3
387719,42190,159000000,2002,2017-06-20,유진2차아트빌,84,13
387720,42190,87000000,2004,2017-06-20,태백3주공,51,14
387721,42190,35000000,2001,2017-06-20,태백황지청솔,38,12
387722,42190,28000000,1983,2017-06-21,주공,38,5
387723,42190,170000000,2007,2017-06-22,이원예채,123,4
387724,42190,173000000,2014,2017-06-22,에코빌,84,13
387725,42190,140000000,2007,2017-06-23,영조아름다운나날,84,12
387726,42190,148680000,2014,2017-06-23,대산2차하이츠빌,59,8
387727,42190,158000000,2002,2017-06-26,유진2차아트빌,84,4
387728,42190,172000000,2014,2017-06-26,에코빌,84,5
387729,42190,107500000,2002,2017-06-28,유진2차아트빌,59,2
387730,42190,52000000,1999,2017-06-28,선명1차,36,9
387731,42190,65000000,1990,2017-06-29,대림4,59,4
387732,42190,50000000,2001,2017-06-29,태백황지청솔,38,14
387733,42190,130000000,2002,2017-06-29,유진2차아트빌,84,10
387734,42190,19000000,1991,2017-06-29,청록,44,1
387735,42190,73000000,1990,2017-06-29,대림4,59,8
387736,42190,37000000,1983,2017-06-30,주공,45,5
387737,42190,180000000,2007,2017-06-30,이원예채,106,4
387738,42190,87000000,2004,2017-06-30,태백3주공,51,3
387739,42190,109000000,2008,2017-06-23,유브리안,84,4
387740,42190,18000000,1986,2017-06-05,동점,39,4
387741,42190,18000000,1986,2017-06-05,동점,39,1
387742,42190,19000000,1986,2017-06-09,동점,39,4
387743,42190,19000000,1986,2017-06-10,동점,39,4
387744,42190,12500000,1986,2017-06-10,동점,39,5
387745,42190,26000000,1989,2017-06-14,한솔,45,2
387746,42190,30000000,1989,2017-06-19,한솔,45,1
387747,42190,104500000,2006,2017-06-08,브라이튼,59,7
387748,42190,98000000,2006,2017-06-12,브라이튼,59,5
387749,42190,145000000,2001,2017-06-22,태백팔마,84,6
387750,43150,133000000,2004,2017-01-11,광진샤인빌,83,2
387751,43150,28000000,1989,2017-01-04,세경,38,5
387752,43150,80000000,1997,2017-01-18,일동,59,9
387753,43150,120000000,1992,2017-01-20,현대,84,13
387754,43150,160000000,2016,2017-01-02,서희스타힐스,65,5
387755,43150,72000000,1995,2017-01-02,주공2,39,7
387756,43150,124000000,1996,2017-01-02,하소현대,59,16
387757,43150,165000000,2002,2017-01-11,청구,84,11
387758,43150,205000000,2007,2017-01-12,제천그린코아루2차,84,4
387759,43150,195000000,2007,2017-01-16,제천그린코아루2차,84,1
387760,43150,209000000,2007,2017-01-17,제천그린코아루2차,84,14
387761,43150,213000000,2007,2017-01-17,제천그린코아루2차,84,7
387762,43150,105000000,2002,2017-01-21,청구,59,2
387763,43150,158000000,1995,2017-01-02,두진백로,84,13
387764,43150,168600000,2016,2017-01-02,레체부르크,72,2
387765,43150,39500000,1980,2017-01-04,주공,47,1
387766,43150,36000000,1980,2017-01-09,주공,42,5
387767,43150,120000000,1995,2017-01-12,덕일한마음,59,10
387768,43150,43500000,1991,2017-01-12,비둘기,35,4
387769,43150,120000000,1990,2017-01-13,현대,84,1
387770,43150,30000000,1991,2017-01-16,성한,45,1
387771,43150,43000000,1982,2017-01-16,시영,49,2
387772,43150,127000000,1991,2017-01-19,덕일,84,4
387773,43150,120000000,1995,2017-01-19,두진백로,60,6
387774,43150,112000000,1995,2017-01-19,덕일한마음,59,14
387775,43150,166000000,2003,2017-01-05,로즈웰모산힐,84,12
387776,43150,45000000,1986,2017-01-04,고암주공1,47,3
387777,43150,106000000,1997,2017-01-07,두진백로,60,9
387778,43150,68000000,1997,2017-01-12,두진백로,45,2
387779,43150,80000000,1993,2017-01-17,금용,59,4
387780,43150,103000000,1997,2017-01-17,두진백로,60,10
387781,43150,110000000,1997,2017-01-18,두진백로,59,5
387782,43150,48000000,2000,2017-01-18,고암두진4차,33,7
387783,43150,39000000,1986,2017-01-24,고암주공1,38,3
387784,43150,67000000,1995,2017-01-04,제천미림청솔,49,1
387785,43150,147000000,2003,2017-01-13,천일베리굿,84,11
387786,43150,82500000,1999,2017-01-13,장락주공2단지,49,8
387787,43150,106000000,1999,2017-01-20,장락주공2단지,59,1
387788,43150,170000000,2001,2017-01-21,장락로즈웰,84,10
387789,43150,121000000,2003,2017-01-26,천일베리굿,59,6
387790,43150,210000000,2008,2017-01-26,장락동롯데캐슬,84,9
387791,43150,95000000,2000,2017-01-04,신백덕일한마음2차,59,15
387792,43150,73000000,1994,2017-01-10,장미,59,11
387793,43150,59650000,1996,2017-01-11,덕일한마음1,51,2
387794,43150,90000000,1996,2017-01-11,덕일한마음1,59,1
387795,43150,112000000,1993,2017-01-16,극동1,84,2
387796,43150,95000000,1996,2017-01-17,덕일한마음1,59,11
387797,43150,120000000,1993,2017-01-17,극동2,84,8
387798,43150,102000000,2000,2017-01-19,신백덕일한마음2차,59,8
387799,43150,118000000,1993,2017-01-20,극동2,84,5
387800,43150,99000000,1993,2017-01-22,극동1,75,2
387801,43150,220000000,2015,2017-01-06,강제코아루파크,84,12
387802,43150,168000000,2007,2017-01-03,현진에버빌1차,84,1
387803,43150,132000000,2007,2017-01-13,현진에버빌1차,64,5
387804,43150,162500000,2007,2017-01-14,현진에버빌1차,73,3
387805,43150,182000000,2007,2017-01-27,현진에버빌1차,84,9
387806,43150,218000000,2005,2017-01-04,코아루,130,14
387807,43150,42000000,1994,2017-01-04,중앙,55,4
387808,43150,60000000,1994,2017-01-09,중앙,84,8
387809,43150,73000000,1994,2017-01-20,중앙,84,10
387810,43150,81000000,2004,2017-01-24,미당한마음,59,4
387811,45710,35800000,1997,2017-01-14,대영1,33,9
387812,45710,60000000,1999,2017-01-05,대림,53,10
387813,45710,66000000,1998,2017-01-10,삼례대명,59,11
387814,45710,55000000,1998,2017-01-10,삼례대명,59,6
387815,45710,175000000,2006,2017-01-03,전주첨단코아루2차,84,10
387816,45710,155000000,2007,2017-01-04,전주렉시안,84,9
387817,45710,143000000,2009,2017-01-05,라송센트럴카운티,71,1
387818,45710,172000000,2012,2017-01-05,전주과학산업단지벽산e-솔렌스힐,75,12
387819,45710,172000000,2012,2017-01-07,전주과학산업단지벽산e-솔렌스힐,75,7
387820,45710,149000000,2005,2017-01-09,전주첨단코아루1차,84,12
387821,45710,173000000,2006,2017-01-10,전주첨단코아루2차,84,11
387822,45710,180000000,2012,2017-01-11,전주과학산업단지벽산e-솔렌스힐,84,15
387823,45710,170000000,2006,2017-01-13,전주첨단코아루2차,84,12
387824,45710,146000000,2007,2017-01-16,전주렉시안,84,3
387825,45710,150000000,2005,2017-01-18,전주첨단코아루1차,84,5
387826,45710,145840000,2007,2017-01-19,전주렉시안,84,15
387827,45710,162000000,2012,2017-01-19,전주과학산업단지벽산e-솔렌스힐,75,11
387828,45710,160000000,2012,2017-01-19,전주과학산업단지벽산e-솔렌스힐,75,7
387829,45710,173500000,2012,2017-01-22,전주과학산업단지벽산e-솔렌스힐,75,7
387830,45710,110000000,2005,2017-01-23,전주첨단코아루1차,84,14
387831,45710,125000000,2009,2017-01-24,라송센트럴카운티,71,10
387832,45710,150000000,2012,2017-01-24,전주과학산업단지벽산e-솔렌스힐,75,1
387833,45710,125500000,2005,2017-01-25,전주첨단코아루1차,59,13
387834,45710,128000000,2007,2017-01-25,전주렉시안,59,6
387835,45710,175500000,2006,2017-01-25,전주첨단코아루2차,84,8
387836,45710,126000000,2007,2017-01-31,전주렉시안,59,8
387837,45710,60000000,1993,2017-01-25,봉동2차 명진로얄,59,10
387838,45710,178950000,2015,2017-01-02,봉동광신프로그레스,79,13
387839,45710,178950000,2015,2017-01-02,봉동광신프로그레스,79,13
387840,45710,171250000,2015,2017-01-12,봉동광신프로그레스,79,2
387841,45710,199070000,2015,2017-01-14,봉동광신프로그레스,84,4
387842,45710,159250000,2015,2017-01-19,봉동광신프로그레스,69,16
387843,45710,73000000,1999,2017-01-31,봉동한신2차,59,13
387844,45710,68000000,1999,2017-01-10,대영,59,8
387845,45710,67000000,1999,2017-01-16,대영,59,2
387846,45710,53000000,2001,2017-01-19,덕천하이트,59,13
387847,45710,52000000,1999,2017-01-26,대영,49,12
387848,45710,81000000,2001,2017-01-14,신세대지큐빌,59,8
387849,45710,79000000,2001,2017-01-21,신세대지큐빌,59,3
387850,45710,90000000,2001,2017-01-24,신세대지큐빌,59,11
387851,45710,107000000,2001,2017-01-26,신세대지큐빌,84,1
387852,45710,248000000,2013,2017-01-01,이노힐스아파트,84,5
387853,45710,250000000,2013,2017-01-03,이노힐스아파트,84,14
387854,45710,250000000,2013,2017-01-03,이노힐스아파트,84,12
387855,45710,269000000,2013,2017-01-11,이노힐스아파트,84,11
387856,45710,243000000,2013,2017-01-14,이노힐스아파트,84,17
387857,45710,203000000,2013,2017-01-21,이노힐스아파트,74,2
387858,45710,268000000,2013,2017-01-21,이노힐스아파트,84,11
387859,45710,228000000,2013,2017-01-23,이노힐스아파트,74,19
387860,45710,255000000,2013,2017-01-24,이노힐스아파트,84,19
387861,45710,252000000,2013,2017-01-28,이노힐스아파트,84,16
387862,45710,52000000,2004,2017-01-17,지엘하늘가,39,7
387863,45710,49500000,2004,2017-01-24,지엘하늘가,39,10
387864,45710,96000000,2001,2017-01-07,남양사이버,59,6
387865,45710,57500000,1999,2017-01-30,부영,48,10
387866,41290,980000000,2007,2017-03-06,래미안에코팰리스,84,11
387867,41290,1360000000,1984,2017-03-07,주공10,124,3
387868,41290,748000000,2007,2017-03-11,래미안에코팰리스,59,6
387869,41290,695000000,2007,2017-03-15,래미안에코팰리스,59,4
387870,41290,850000000,1980,2017-03-27,주공1,45,4
387871,41290,443000000,1982,2017-03-01,주공2,20,1
387872,41290,775000000,2008,2017-03-02,래미안슈르,84,6
387873,41290,446000000,1982,2017-03-03,주공2,20,1
387874,41290,799000000,1982,2017-03-04,주공2,52,5
387875,41290,659000000,2008,2017-03-04,래미안슈르,59,4
387876,41290,442500000,1982,2017-03-05,주공2,20,2
387877,41290,800000000,1982,2017-03-08,주공2,52,5
387878,41290,815000000,1982,2017-03-10,주공2,52,1
387879,41290,797500000,2008,2017-03-10,래미안슈르,84,25
387880,41290,670000000,2008,2017-03-11,래미안슈르,59,13
387881,41290,1020000000,2008,2017-03-11,래미안슈르,116,20
387882,41290,670000000,2008,2017-03-11,래미안슈르,59,11
387883,41290,675000000,2008,2017-03-11,래미안슈르,59,13
387884,41290,970000000,2008,2017-03-12,래미안슈르,116,5
387885,41290,1072000000,2008,2017-03-12,래미안슈르,116,20
387886,41290,812000000,1982,2017-03-14,주공2,52,2
387887,41290,800000000,2008,2017-03-15,래미안슈르,84,9
387888,41290,770000000,2008,2017-03-18,래미안슈르,84,18
387889,41290,448000000,1982,2017-03-21,주공2,20,3
387890,41290,847500000,2008,2017-03-22,래미안슈르,84,24
387891,41290,673000000,2008,2017-03-22,래미안슈르,59,15
387892,41290,810000000,1982,2017-03-23,주공2,52,1
387893,41290,685000000,2008,2017-03-23,래미안슈르,59,18
387894,41290,770000000,2008,2017-03-23,래미안슈르,84,21
387895,41290,665000000,2008,2017-03-24,래미안슈르,59,9
387896,41290,750000000,1982,2017-03-25,주공2,45,1
387897,41290,680000000,2008,2017-03-25,래미안슈르,59,14
387898,41290,675000000,2008,2017-03-28,래미안슈르,59,12
387899,41290,845000000,2008,2017-03-30,래미안슈르,84,16
387900,41290,655000000,1982,2017-03-01,주공6,47,2
387901,41290,800000000,1982,2017-03-03,주공2,52,2
387902,41290,715000000,1983,2017-03-05,주공4,73,13
387903,41290,800000000,1982,2017-03-07,주공2,52,5
387904,41290,768000000,2008,2017-03-07,래미안슈르,84,14
387905,41290,570000000,1982,2017-03-10,주공2,52,5
387906,41290,700000000,1983,2017-03-11,주공4,73,3
387907,41290,895000000,1983,2017-03-11,주공5,103,3
387908,41290,1030000000,1983,2017-03-11,주공5,124,5
387909,41290,660000000,1982,2017-03-14,주공6,47,4
387910,41290,670000000,2008,2017-03-16,래미안슈르,59,4
387911,41290,670000000,1982,2017-03-18,주공6,47,3
387912,41290,612000000,1983,2017-03-25,주공4,59,12
387913,41290,670000000,1983,2017-03-29,주공4,73,1
387914,41290,820000000,1982,2017-03-31,주공2,52,4
387915,41290,690000000,1983,2017-03-02,주공8,73,8
387916,41290,800000000,1982,2017-03-06,주공7,47,1
387917,41290,783000000,1982,2017-03-09,주공7,47,4
387918,41290,505000000,1982,2017-03-09,주공9,47,1
387919,41290,800000000,1982,2017-03-12,주공9,82,3
387920,41290,720000000,1983,2017-03-15,주공8,73,7
387921,41290,705000000,1983,2017-03-17,주공8,73,13
387922,41290,570000000,1982,2017-03-18,주공9,54,1
387923,41290,780000000,1983,2017-03-21,주공8,83,6
387924,41290,715000000,1983,2017-03-22,주공8,73,10
387925,41290,510000000,1982,2017-03-22,주공9,47,5
387926,41290,770000000,1983,2017-03-22,주공8,83,15
387927,41290,790000000,1982,2017-03-23,주공7,47,5
387928,41290,830000000,1982,2017-03-25,주공7,47,3
387929,41290,590000000,1982,2017-03-27,주공9,54,4
387930,41650,148000000,2004,2017-12-01,백자타운빌,58,3
387931,41650,215000000,2008,2017-12-04,포천극동2차스타클래스,84,5
387932,41650,200000000,2005,2017-12-06,극동의푸른별2단지,84,8
387933,41650,78000000,1993,2017-12-08,골든,66,5
387934,41650,142000000,1999,2017-12-12,유한,84,4
387935,41650,85000000,1997,2017-12-14,한신,59,15
387936,41650,140000000,1997,2017-12-22,한신,84,8
387937,41650,120000000,1999,2017-12-27,유한,84,5
387938,41650,145000000,2004,2017-12-30,백자타운빌,58,8
387939,41650,158500000,2001,2017-12-30,세창선단마을,81,6
387940,41650,225000000,2005,2017-12-01,송천마을,84,18
387941,41650,120000000,1997,2017-12-05,전원우정아파트,59,1
387942,41650,165000000,2005,2017-12-05,태봉마을,59,6
387943,41650,165000000,2005,2017-12-07,태봉마을,59,15
387944,41650,200000000,2005,2017-12-07,태봉마을,84,18
387945,41650,125000000,1997,2017-12-08,전원우정아파트,59,17
387946,41650,205000000,2005,2017-12-11,송천마을,84,9
387947,41650,227000000,2005,2017-12-12,석향마을대방노블랜드,84,3
387948,41650,310000000,2005,2017-12-13,석향마을대방노블랜드,131,4
387949,41650,65000000,1988,2017-12-15,금용로얄,36,1
387950,41650,223000000,2005,2017-12-17,태봉마을,84,10
387951,41650,135000000,1997,2017-12-18,전원우정아파트,59,11
387952,41650,160000000,2005,2017-12-18,태봉마을,59,3
387953,41650,263000000,2005,2017-12-20,석향마을대방노블랜드,110,6
387954,41650,210000000,2005,2017-12-21,태봉마을,84,12
387955,41650,216500000,2005,2017-12-22,송천마을,84,18
387956,41650,175000000,2005,2017-12-22,태봉마을,59,9
387957,41650,214000000,2005,2017-12-22,태봉마을,84,6
387958,41650,219000000,2005,2017-12-23,태봉마을,84,15
387959,41650,144000000,1994,2017-12-25,한국개나리,84,3
387960,41650,100000000,1993,2017-12-26,일신,59,8
387961,41650,220000000,2005,2017-12-26,태봉마을,84,10
387962,41650,235000000,2005,2017-12-27,석향마을대방노블랜드,84,2
387963,41650,123500000,1994,2017-12-29,한국개나리,59,9
387964,41650,290000000,2005,2017-12-29,영화,122,10
387965,41650,98000000,1989,2017-12-30,"금용로얄(305,306동)",61,2
387966,41650,205000000,2005,2017-12-30,태봉마을,84,2
387967,41650,130000000,2002,2017-12-01,대방,55,14
387968,41650,156500000,2002,2017-12-04,대방,70,3
387969,41650,120000000,2002,2017-12-06,대방,55,14
387970,41650,133000000,2002,2017-12-13,대방,55,10
387971,41650,130000000,2002,2017-12-26,대방,55,13
387972,41650,152000000,2002,2017-12-29,대방,80,9
387973,41650,85000000,1997,2017-12-11,상운,50,6
387974,41650,86000000,1997,2017-12-16,상운,50,15
387975,41650,100000000,1997,2017-12-18,상운,59,2
387976,41650,95000000,1997,2017-12-18,상운,59,9
387977,41650,104000000,1997,2017-12-28,상운,59,11
387978,41650,246500000,2017,2017-12-02,포천아이파크,84,2
387979,41650,66000000,1990,2017-12-13,골든주택,81,4
387980,41650,50000000,2003,2017-12-14,거산,59,6
387981,41650,64000000,2003,2017-12-04,후레쉬빌,49,1
387982,41650,74000000,2003,2017-12-13,후레쉬빌,53,11
387983,41650,49000000,1995,2017-12-19,신포천,50,1
387984,41650,52000000,2002,2017-12-27,산호,39,7
387985,41650,48000000,1997,2017-12-15,우신,59,9
387986,41650,62000000,1992,2017-12-01,원풍2,78,4
387987,44150,110500000,2005,2017-11-02,샹화샤인빌,84,4
387988,44150,103000000,1999,2017-11-03,공주교동대우,59,3
387989,44150,95000000,1999,2017-11-09,공주교동대우,59,8
387990,44150,175000000,1999,2017-11-18,공주교동대우,115,12
387991,44150,80000000,1982,2017-11-28,교동아파트D동,79,2
387992,44150,105000000,1999,2017-11-30,공주교동대우,59,5
387993,44150,80000000,1993,2017-11-08,배원청실,59,10
387994,44150,50000000,1990,2017-11-17,경일,42,3
387995,44150,56500000,1994,2017-11-04,주공2,41,4
387996,44150,92500000,1994,2017-11-04,주공2,58,7
387997,44150,100000000,1995,2017-11-08,덕성그린타운,84,6
387998,44150,55500000,1994,2017-11-11,주공2,41,8
387999,44150,91500000,1994,2017-11-15,주공2,59,6
388000,44150,101000000,1992,2017-11-18,금강,79,3
388001,44150,201000000,2008,2017-11-07,금학e-편한세상,84,10
388002,44150,190000000,2008,2017-11-27,금학e-편한세상,84,3
388003,44150,75000000,1990,2017-11-29,"대일아파트1,2동(224-1)",75,3
388004,44150,72000000,1990,2017-11-01,주공3,46,4
388005,44150,120000000,2005,2017-11-01,주공5차,51,7
388006,44150,109000000,1998,2017-11-03,주공4단지,59,3
388007,44150,87000000,1988,2017-11-04,주공2,59,5
388008,44150,138000000,1996,2017-11-06,새뜸현대,84,3
388009,44150,103000000,1998,2017-11-06,주공4단지,59,2
388010,44150,130000000,1996,2017-11-08,대아곰나루,84,7
388011,44150,110000000,1996,2017-11-08,새뜸현대,59,13
388012,44150,137000000,1996,2017-11-08,새뜸현대,84,13
388013,44150,124000000,1992,2017-11-08,"현대아파트(1,2차)",84,5
388014,44150,110000000,1992,2017-11-08,"현대아파트(1,2차)",84,3
388015,44150,105000000,1998,2017-11-09,주공4단지,59,14
388016,44150,130000000,2005,2017-11-09,주공5차,51,7
388017,44150,88000000,1989,2017-11-10,신라,65,2
388018,44150,79000000,1988,2017-11-11,주공2,51,1
388019,44150,215000000,2006,2017-11-11,다숲1단지,84,11
388020,44150,70500000,1988,2017-11-11,주공2,39,2
388021,44150,111000000,1998,2017-11-12,주공4단지,59,11
388022,44150,152000000,2002,2017-11-14,대아아이투빌,84,8
388023,44150,100000000,2003,2017-11-14,이솔,59,8
388024,44150,104000000,2003,2017-11-14,이솔,59,7
388025,44150,150000000,1996,2017-11-16,새뜸현대,84,14
388026,44150,284000000,2006,2017-11-16,현대힐스테이트5차,121,4
388027,44150,107000000,1998,2017-11-16,주공4단지,59,10
388028,44150,150000000,1994,2017-11-18,한빛,118,12
388029,44150,162500000,1992,2017-11-20,"현대아파트(1,2차)",84,12
388030,44150,115000000,1996,2017-11-20,새뜸현대,59,11
388031,44150,83000000,1996,2017-11-21,대아곰나루,59,1
388032,44150,122000000,1996,2017-11-23,대아곰나루,73,6
388033,44150,150000000,2002,2017-11-23,대아아이투빌,84,5
388034,44150,172000000,1992,2017-11-27,"현대아파트(1,2차)",84,15
388035,44150,145000000,1996,2017-11-27,새뜸현대,84,13
388036,44150,112000000,1996,2017-11-30,새뜸현대,59,7
388037,44150,49000000,1999,2017-11-30,덕성그린시티빌,35,6
388038,44150,125000000,1999,2017-11-23,새뜸현대4,59,13
388039,44150,232000000,1999,2017-11-30,새뜸현대4,126,10
388040,44150,240000000,2010,2017-11-30,공주신금우남퍼스트빌,84,5
388041,44150,85000000,1991,2017-11-26,근화,77,2
388042,44150,85000000,2013,2017-11-28,햇님,82,4
388043,44150,40000000,1998,2017-11-18,청룡신한1차임대,42,2
388044,44150,28000000,2000,2017-11-18,세광엔리치빌,30,3
388045,44150,31500000,2000,2017-11-18,세광엔리치빌,30,4
388046,44150,29000000,2000,2017-11-18,세광엔리치빌,30,3
388047,44180,125000000,1998,2017-08-09,동부,59,9
388048,44180,120000000,1998,2017-08-10,동부,59,15
388049,44180,60000000,1990,2017-08-11,의평,57,2
388050,44180,85000000,1993,2017-08-25,흥화,59,12
388051,44180,108770000,1993,2017-08-25,흥화,84,11
388052,44180,117500000,1998,2017-08-28,동부,59,8
388053,44180,172000000,1993,2017-08-28,태영,84,6
388054,44180,244000000,2015,2017-08-29,라온 프라이빗,84,7
388055,44180,100000000,1991,2017-08-30,무학,84,6
388056,44180,73000000,1989,2017-08-02,유성1,55,2
388057,44180,115000000,1997,2017-08-04,대우,84,14
388058,44180,100000000,1989,2017-08-04,유성1,69,2
388059,44180,64500000,1989,2017-08-08,유성1,55,1
388060,44180,140000000,2004,2017-08-11,성지리벨루스,72,10
388061,44180,78000000,1993,2017-08-14,유성2차APT,59,4
388062,44180,93000000,1992,2017-08-22,현대,73,15
388063,44180,93000000,1997,2017-08-25,대우,59,9
388064,44180,205000000,2007,2017-08-25,부경,84,12
388065,44180,122000000,1992,2017-08-26,현대,84,5
388066,44180,198000000,2007,2017-08-26,부경,84,15
388067,44180,204000000,2007,2017-08-28,부경,84,5
388068,44180,120000000,1997,2017-08-29,대우,84,6
388069,44180,195800000,2017,2017-08-31,비슬블렌하임아파트,84,2
388070,44180,198900000,2017,2017-08-31,비슬블렌하임아파트,84,5
388071,44180,197600000,2017,2017-08-31,비슬블렌하임아파트,83,4
388072,44180,197600000,2017,2017-08-31,비슬블렌하임아파트,83,4
388073,44180,198900000,2017,2017-08-31,비슬블렌하임아파트,84,4
388074,44180,194600000,2017,2017-08-31,비슬블렌하임아파트,83,3
388075,44180,194600000,2017,2017-08-31,비슬블렌하임아파트,83,3
388076,44180,195800000,2017,2017-08-31,비슬블렌하임아파트,84,3
388077,44180,195800000,2017,2017-08-31,비슬블렌하임아파트,84,3
388078,44180,194600000,2017,2017-08-31,비슬블렌하임아파트,83,2
388079,44180,115000000,1997,2017-08-02,동대동현대,59,13
388080,44180,112500000,1997,2017-08-03,동대동현대,59,10
388081,44180,214700000,2009,2017-08-10,휴먼시아보령동대3단지,84,3
388082,44180,125000000,1997,2017-08-11,동대동현대,59,3
388083,44180,68000000,1991,2017-08-16,동대주공2,39,2
388084,44180,53000000,1990,2017-08-17,동대주공1,39,4
388085,44180,63000000,1993,2017-08-21,동대주공3단지,39,2
388086,44180,85000000,1993,2017-08-22,동대주공3단지,47,1
388087,44180,61000000,1991,2017-08-25,동대주공2,46,4
388088,44180,120000000,1997,2017-08-25,동대동현대,59,8
388089,44180,52000000,1990,2017-08-28,동대주공1,39,4
388090,44180,75000000,1990,2017-08-29,동대주공1,46,5
388091,44180,130000000,1997,2017-08-31,동대동현대,59,6
388092,44180,95500000,1996,2017-08-02,명천주공5,49,11
388093,44180,121000000,1996,2017-08-13,명천주공5,59,10
388094,44180,113000000,1996,2017-08-17,명천주공5,59,5
388095,44180,227500000,2008,2017-08-19,명천코아루,84,13
388096,44180,90000000,1996,2017-08-19,명천주공4,49,8
388097,44180,107000000,1996,2017-08-24,명천주공5,59,2
388098,44180,121000000,1996,2017-08-26,명천주공5,59,7
388099,44180,259500000,2008,2017-08-29,명천코아루,84,19
388100,44180,202000000,2005,2017-08-30,정은스카이빌,84,6
388101,44180,199000000,2006,2017-08-21,에스케이뷰,84,11
388102,44180,163000000,1996,2017-08-03,산호,85,7
388103,44180,144000000,1996,2017-08-08,산호,85,8
388104,44180,145000000,2004,2017-08-08,영우바다마을,70,10
388105,44180,120000000,1996,2017-08-16,산호,59,6
388106,44180,35000000,1992,2017-08-01,목화,69,5
388107,44180,90000000,1995,2017-08-18,세아,59,7
388108,44800,84000000,1997,2017-07-03,미림청솔,59,6
388109,44800,79000000,1992,2017-07-04,우주은하B동,84,7
388110,44800,120000000,1997,2017-07-10,미림청솔,132,14
388111,44800,82000000,1991,2017-07-18,우주은하A동,82,5
388112,44800,75000000,1992,2017-07-24,태영,84,4
388113,44800,115000000,1997,2017-07-29,현대,84,12
388114,44800,40000000,1989,2017-07-10,신천은혜아파트,80,5
388115,44800,76000000,2003,2017-07-01,부영1차,49,10
388116,44800,139000000,2004,2017-07-02,부영2차(851-0),80,9
388117,44800,75500000,2003,2017-07-03,부영1차,49,6
388118,44800,123000000,2003,2017-07-16,부영1차,80,8
388119,44800,126000000,2004,2017-07-16,부영2차(851-0),80,11
388120,44800,92000000,2004,2017-07-21,부영2차(851-0),59,3
388121,44800,93000000,2004,2017-07-23,부영2차(851-0),59,9
388122,44800,95000000,2004,2017-07-26,부영2차(851-0),59,11
388123,44800,80000000,2003,2017-07-31,부영1차,49,13
388124,44800,140000000,2006,2017-07-16,홍성옥암하늘채,72,3
388125,44800,200000000,2006,2017-07-22,홍성옥암하늘채,120,4
388126,44800,154000000,2006,2017-07-24,홍성옥암하늘채,72,7
388127,44800,160000000,2006,2017-07-29,홍성옥암하늘채,84,4
388128,44800,93000000,1995,2017-07-03,대우아파트,84,5
388129,44800,80000000,2001,2017-07-06,주공아파트1차,46,14
388130,44800,68000000,1991,2017-07-12,"미성아파트 (A,B동)",81,5
388131,44800,78000000,2001,2017-07-13,주공아파트1차,46,12
388132,44800,80500000,2001,2017-07-17,주공아파트1차,46,7
388133,44800,85000000,1995,2017-07-20,대우아파트,84,2
388134,44800,68000000,1991,2017-07-25,"미성아파트 (A,B동)",80,1
388135,44800,76000000,2001,2017-07-25,주공아파트1차,46,2
388136,44800,83000000,2001,2017-07-25,주공아파트1차,46,5
388137,44800,88000000,2001,2017-07-25,주공아파트1차,46,11
388138,44800,65000000,1991,2017-07-31,"미성아파트 (A,B동)",84,4
388139,44800,178000000,2009,2017-07-12,신동아파밀리에,84,11
388140,44800,165000000,2009,2017-07-19,신동아파밀리에,84,1
388141,44800,70000000,1997,2017-07-12,현광,84,4
388142,44800,44000000,1993,2017-07-04,우주은하,58,3
388143,44800,45000000,1993,2017-07-14,우주은하,58,7
388144,44800,40000000,1998,2017-07-28,동진아파트,39,3
388145,44800,246000000,2016,2017-07-02,한울마을모아엘가아파트,84,21
388146,44800,210000000,2016,2017-07-03,한울마을모아엘가아파트,72,6
388147,44800,177000000,2014,2017-07-09,극동스타클래스센트럴,59,8
388148,44800,173500000,2016,2017-07-09,내포신도시 경남아너스빌,59,10
388149,44800,182000000,2016,2017-07-13,내포신도시 경남아너스빌,59,12
388150,44800,215000000,2016,2017-07-15,한울마을모아엘가아파트,72,8
388151,44800,220000000,2014,2017-07-19,극동스타클래스센트럴,84,17
388152,44800,204300000,2015,2017-07-19,엘에이치스타힐스,84,5
388153,44800,254000000,2016,2017-07-22,내포신도시 경남아너스빌,84,25
388154,44800,206000000,2016,2017-07-22,한울마을모아엘가아파트,72,6
388155,44800,229000000,2012,2017-07-26,롯데캐슬,84,11
388156,44800,173000000,2014,2017-07-26,극동스타클래스센트럴,76,1
388157,44800,213500000,2016,2017-07-29,한울마을모아엘가아파트,72,22
388158,44800,50000000,2012,2017-07-13,세청파크빌,43,5
388159,44800,50000000,2012,2017-07-13,세청파크빌,43,5
388160,44800,45000000,2012,2017-07-13,세청파크빌,43,5
388161,45710,50000000,1998,2017-08-07,삼례주공(1),39,11
388162,45710,108000000,1994,2017-08-26,동원맨션,105,3
388163,45710,83500000,1994,2017-08-29,동원맨션,84,7
388164,45710,43000000,1999,2017-08-02,대림,39,12
388165,45710,67000000,1998,2017-08-04,삼례대명,59,15
388166,45710,73000000,1998,2017-08-24,삼례대명,59,4
388167,45710,143300000,2017,2017-08-07,제일오투그란데,59,7
388168,45710,127500000,2017,2017-08-24,제일오투그란데,59,4
388169,45710,141500000,2005,2017-08-03,전주첨단코아루1차,84,9
388170,45710,153000000,2006,2017-08-07,전주첨단코아루2차,74,10
388171,45710,180000000,2012,2017-08-07,전주과학산업단지벽산e-솔렌스힐,84,3
388172,45710,149000000,2012,2017-08-07,모아엘가,69,9
388173,45710,155000000,2009,2017-08-08,라송센트럴카운티,84,15
388174,45710,149000000,2012,2017-08-09,모아엘가,69,7
388175,45710,170000000,2012,2017-08-11,전주과학산업단지벽산e-솔렌스힐,75,10
388176,45710,145000000,2009,2017-08-12,라송센트럴카운티,71,15
388177,45710,152500000,2007,2017-08-14,전주렉시안,84,11
388178,45710,122500000,2007,2017-08-14,전주렉시안,59,15
388179,45710,125000000,2007,2017-08-14,전주렉시안,59,13
388180,45710,160000000,2009,2017-08-15,라송센트럴카운티,84,15
388181,45710,145700000,2007,2017-08-19,전주렉시안,84,2
388182,45710,126500000,2005,2017-08-20,전주첨단코아루1차,59,6
388183,45710,125000000,2007,2017-08-21,전주렉시안,59,5
388184,45710,130500000,2005,2017-08-29,전주첨단코아루1차,59,13
388185,45710,149500000,2012,2017-08-30,모아엘가,69,13
388186,45710,165000000,2009,2017-08-31,라송센트럴카운티,84,10
388187,45710,93000000,1993,2017-08-08,봉동2차 명진로얄,84,14
388188,45710,53000000,1995,2017-08-08,아람파크맨션,59,1
388189,45710,45000000,1991,2017-08-09,명진로얄,77,2
388190,45710,65000000,1993,2017-08-10,봉동2차 명진로얄,59,8
388191,45710,53000000,1997,2017-08-01,용진원주,59,9
388192,45710,49500000,1999,2017-08-02,대영,49,6
388193,45710,65000000,2001,2017-08-03,덕천하이트,59,6
388194,45710,30000000,1997,2017-08-04,용진원주,35,7
388195,45710,52000000,1997,2017-08-10,용진원주,55,12
388196,45710,65000000,1999,2017-08-19,대영,59,5
388197,45710,73000000,1999,2017-08-30,대영,59,5
388198,45710,79000000,2001,2017-08-01,신세대지큐빌,59,6
388199,45710,87500000,2001,2017-08-11,신세대지큐빌,59,12
388200,45710,122000000,2001,2017-08-11,신세대지큐빌,84,15
388201,45710,115000000,2001,2017-08-17,신세대지큐빌,84,12
388202,45710,88000000,2001,2017-08-21,신세대지큐빌,59,8
388203,45710,104500000,2001,2017-08-23,신세대지큐빌,84,18
388204,45710,270000000,2013,2017-08-07,이노힐스아파트,84,15
388205,45710,237500000,2013,2017-08-18,이노힐스아파트,84,1
388206,45710,262000000,2013,2017-08-18,이노힐스아파트,84,4
388207,45710,233500000,2013,2017-08-23,이노힐스아파트,74,14
388208,45710,260000000,2013,2017-08-31,이노힐스아파트,84,16
388209,45710,53700000,2004,2017-08-18,지엘하늘가,39,15
388210,45710,53500000,2004,2017-08-25,지엘하늘가,39,10
388211,45710,96000000,2001,2017-08-11,남양사이버,59,10
388212,45710,98000000,2001,2017-08-13,남양사이버,59,9
388213,45710,96000000,2001,2017-08-14,남양사이버,59,7
388214,45710,90000000,2001,2017-08-21,남양사이버,59,10
388215,45710,44000000,1999,2017-08-17,부영,48,13
388216,41670,165000000,1996,2017-08-03,"홍문현대103동,106동",59,11
388217,41670,150000000,1993,2017-08-11,상우1차,84,13
388218,41670,208000000,1993,2017-08-12,상우1차,124,10
388219,41670,132000000,1993,2017-08-13,상우1차,59,9
388220,41670,85000000,1994,2017-08-25,상우2차,48,3
388221,41670,120000000,2001,2017-08-29,동원,49,7
388222,41670,75000000,1994,2017-08-30,상우2차,59,5
388223,41670,195000000,1995,2017-08-02,현대,84,6
388224,41670,111000000,1992,2017-08-22,하나,59,13
388225,41670,200000000,1995,2017-08-29,현대,84,5
388226,41670,200000000,2001,2017-08-06,삼성명가타운,84,11
388227,41670,199000000,2003,2017-08-16,호반리젠시빌,84,14
388228,41670,180000000,2003,2017-08-18,호반리젠시빌,71,11
388229,41670,250000000,2006,2017-08-21,예일세띠앙,84,13
388230,41670,129500000,2000,2017-08-09,한성,59,11
388231,41670,120000000,2000,2017-08-09,한성,59,2
388232,41670,158000000,2005,2017-08-12,보광그랑베르,61,8
388233,41670,155000000,2005,2017-08-14,보광그랑베르,61,3
388234,41670,142000000,2005,2017-08-19,보광그랑베르,61,1
388235,41670,164500000,2005,2017-08-22,보광그랑베르,61,6
388236,41670,180000000,2003,2017-08-30,두풍리치빌,84,12
388237,41670,128000000,2000,2017-08-03,부영 사랑으로,48,10
388238,41670,125000000,2000,2017-08-23,부영 사랑으로,48,9
388239,41670,190000000,2008,2017-08-11,정광휴레나,84,9
388240,41670,183000000,2006,2017-08-17,영진리버빌,84,3
388241,41670,241000000,2014,2017-08-01,여주오드카운티,74,13
388242,41670,100000000,1998,2017-08-10,현진에버빌,52,14
388243,41670,200000000,2014,2017-08-18,여주오드카운티,59,7
388244,41670,97000000,1998,2017-08-19,현진에버빌,52,16
388245,41670,240000000,2014,2017-08-31,여주오드카운티,74,2
388246,41670,241000000,2014,2017-08-31,여주오드카운티,74,14
388247,41670,84000000,1990,2017-08-02,삼진,57,4
388248,41670,80000000,1997,2017-08-02,벽산늘푸른,37,3
388249,41670,74000000,1997,2017-08-03,벽산늘푸른,37,5
388250,41670,258500000,2009,2017-08-03,이안여주강변,84,18
388251,41670,72000000,1997,2017-08-05,벽산늘푸른,37,4
388252,41670,82000000,1997,2017-08-07,벽산늘푸른,37,11
388253,41670,74500000,1997,2017-08-08,벽산늘푸른,37,10
388254,41670,218500000,2009,2017-08-08,이안여주강변,84,1
388255,41670,70000000,1997,2017-08-14,벽산늘푸른,37,5
388256,41670,238000000,2009,2017-08-19,이안여주강변,84,3
388257,41670,80000000,1997,2017-08-21,벽산늘푸른,37,9
388258,41670,133000000,1990,2017-08-22,삼진,82,3
388259,41670,287000000,2009,2017-08-23,이안여주강변,84,20
388260,41670,70000000,1997,2017-08-24,벽산늘푸른,37,3
388261,41670,80000000,1997,2017-08-30,영동,54,3
388262,41670,95000000,2008,2017-08-14,굿모닝타워,56,10
388263,41670,95000000,2008,2017-08-14,굿모닝타워,56,11
388264,41670,98000000,2000,2017-08-12,현진에버빌-1,49,4
388265,41670,59000000,2000,2017-08-17,현진에버빌-1,28,14
388266,41670,167000000,2001,2017-08-18,현진에버빌-2,70,6
388267,41670,108000000,1997,2017-08-23,동남,59,6
388268,41670,146000000,2000,2017-08-25,현진에버빌-1,59,10
388269,41670,197500000,2000,2017-08-29,현진에버빌-1,84,15
388270,41670,142000000,2000,2017-08-30,현진에버빌-1,59,8
388271,41670,75000000,1999,2017-08-09,세광리치타운(101동-108동),58,11
388272,41670,90000000,1999,2017-08-11,세광리치타운(101동-108동),58,8
388273,41670,70400000,1999,2017-08-16,세광리치타운(101동-108동),58,8
388274,43750,90000000,2000,2017-07-03,진천교성주공,49,5
388275,43750,95000000,2000,2017-07-04,진천교성주공,49,5
388276,43750,80000000,1990,2017-07-10,동양,73,2
388277,43750,95000000,2000,2017-07-14,진천교성주공,49,6
388278,43750,95000000,2000,2017-07-24,진천교성주공,49,11
388279,43750,220000000,2016,2017-07-24,진천1차대명루첸,80,9
388280,43750,92000000,2000,2017-07-26,진천교성주공,49,4
388281,43750,92000000,1991,2017-07-01,장산,68,11
388282,43750,89500000,2016,2017-07-02,진천양우내안애해오르미,39,13
388283,43750,95000000,2008,2017-07-05,진천영화블렌하임,59,1
388284,43750,100000000,2008,2017-07-14,진천영화블렌하임,59,15
388285,43750,75000000,1996,2017-07-16,삼진동산,59,7
388286,43750,127740000,2016,2017-07-16,진천양우내안애해오르미,58,8
388287,43750,113000000,2008,2017-07-18,진천영화블렌하임,59,7
388288,43750,82000000,1991,2017-07-28,장산,68,12
388289,43750,55000000,1996,2017-07-28,삼진동산,48,2
388290,43750,65000000,1990,2017-07-10,정암(234-13)4차,67,2
388291,43750,134000000,2003,2017-07-05,산호오크힐,84,9
388292,43750,45000000,1999,2017-07-14,동백3차아파트,29,12
388293,43750,70000000,1994,2017-07-17,우주동백,59,7
388294,43750,56000000,1994,2017-07-21,우주동백,59,12
388295,43750,110000000,1999,2017-07-26,동백3차아파트,84,14
388296,43750,65000000,1991,2017-07-19,정암,65,6
388297,43750,73000000,1996,2017-07-08,우주동백2,59,5
388298,43750,160000000,2009,2017-07-15,남해오네뜨,73,13
388299,43750,140000000,2013,2017-07-22,진천장관사랑으로부영1차,59,8
388300,43750,233000000,2016,2017-07-05,영무예다음2차,84,14
388301,43750,58000000,1996,2017-07-10,덕산아담,53,4
388302,43750,56500000,2002,2017-07-05,나우하이빌,50,10
388303,43750,39000000,2002,2017-07-06,나우하이빌,33,3
388304,43750,48000000,2000,2017-07-03,대승산내들,45,3
388305,43750,48000000,2000,2017-07-16,대승산내들,45,15
388306,43750,55000000,1993,2017-07-29,중앙,59,1
388307,43750,51000000,2000,2017-07-04,갑을아파트,39,15
388308,43750,53000000,2000,2017-07-06,갑을아파트,39,13
388309,43750,125000000,2015,2017-07-01,진천 광혜원 양우내안애,57,4
388310,43750,185000000,2015,2017-07-02,진천 광혜원 양우내안애,82,2
388311,43750,104000000,2015,2017-07-03,진천 광혜원 양우내안애,38,14
388312,43750,104000000,2015,2017-07-03,진천 광혜원 양우내안애,38,18
388313,43750,34000000,2009,2017-07-06,산호2차,25,3
388314,43750,68000000,1995,2017-07-07,목화2,59,9
388315,43750,111500000,2003,2017-07-10,진천광혜원주공,51,10
388316,43750,76000000,1992,2017-07-11,원림,59,3
388317,43750,110000000,2003,2017-07-11,진천광혜원주공,51,9
388318,43750,142000000,2014,2017-07-15,신영예다인,59,12
388319,43750,78000000,1991,2017-07-20,주연,59,1
388320,43750,198000000,2010,2017-07-20,광혜원코아루,119,3
388321,43750,78000000,1991,2017-07-20,주연,59,5
388322,43750,85000000,1995,2017-07-24,목화2,59,17
388323,43750,50000000,2009,2017-07-25,산호2차,39,1
388324,43750,50000000,1995,2017-07-26,아담산호,40,7
388325,43750,135000000,2015,2017-07-27,진천 광혜원 양우내안애,57,1
388326,43750,92000000,1992,2017-07-31,광혜원목화아파트,59,4
388327,43750,66000000,1992,2017-07-31,원림,53,9
388328,41670,198000000,1993,2017-01-02,상우1차,124,9
388329,41670,135000000,1993,2017-01-04,상우1차,84,7
388330,41670,195000000,1995,2017-01-09,현대,84,13
388331,41670,100000000,1992,2017-01-19,하나,59,1
388332,41670,158000000,1995,2017-01-20,현대,59,13
388333,41670,150000000,1998,2017-01-04,강남,59,8
388334,41670,314000000,2006,2017-01-05,예일세띠앙,116,8
388335,41670,185000000,2003,2017-01-06,호반리젠시빌,71,12
388336,41670,240000000,2006,2017-01-09,예일세띠앙,74,5
388337,41670,220000000,2003,2017-01-14,호반리젠시빌,84,1
388338,41670,270000000,2006,2017-01-16,예일세띠앙,84,9
388339,41670,275000000,2006,2017-01-25,예일세띠앙,84,9
388340,41670,135000000,2000,2017-01-04,한성,59,11
388341,41670,128000000,2000,2017-01-11,한성,59,4
388342,41670,177000000,2005,2017-01-12,보광그랑베르,84,10
388343,41670,170000000,2005,2017-01-14,보광그랑베르,61,8
388344,41670,138000000,2000,2017-01-15,한성,59,8
388345,41670,163000000,2005,2017-01-23,보광그랑베르,61,9
388346,41670,128000000,2000,2017-01-05,부영 사랑으로,48,5
388347,41670,105500000,2000,2017-01-16,부영 사랑으로,38,13
388348,41670,105500000,2000,2017-01-18,부영 사랑으로,38,11
388349,41670,94500000,2000,2017-01-21,부영 사랑으로,38,1
388350,41670,133000000,2000,2017-01-24,부영 사랑으로,48,12
388351,41670,185500000,2008,2017-01-05,정광휴레나,84,5
388352,41670,190000000,2008,2017-01-21,정광휴레나,84,14
388353,41670,200000000,2014,2017-01-03,여주오드카운티,59,10
388354,41670,101000000,1998,2017-01-04,현진에버빌,52,13
388355,41670,296000000,2009,2017-01-06,신도브래뉴리버뷰,126,8
388356,41670,195000000,2014,2017-01-06,여주오드카운티,59,12
388357,41670,196000000,2014,2017-01-07,여주오드카운티,59,4
388358,41670,186500000,2014,2017-01-07,여주오드카운티,59,2
388359,41670,276000000,2009,2017-01-09,성일우리미,134,7
388360,41670,197000000,2014,2017-01-10,여주오드카운티,59,14
388361,41670,305000000,2009,2017-01-11,신도브래뉴리버뷰,105,7
388362,41670,88000000,1998,2017-01-12,현진에버빌,39,11
388363,41670,115000000,1998,2017-01-18,현진에버빌,59,17
388364,41670,310000000,2009,2017-01-19,신도브래뉴리버뷰,126,6
388365,41670,330000000,2009,2017-01-20,신도브래뉴리버뷰,126,14
388366,41670,295000000,2009,2017-01-25,신도브래뉴리버뷰,126,9
388367,41670,85000000,1997,2017-01-07,벽산늘푸른,37,15
388368,41670,260000000,2009,2017-01-10,이안여주강변,84,20
388369,41670,263000000,2009,2017-01-12,이안여주강변,84,20
388370,41670,80000000,1990,2017-01-13,삼진,57,5
388371,41670,74000000,1997,2017-01-16,벽산늘푸른,37,2
388372,41670,79000000,1997,2017-01-23,벽산늘푸른,37,15
388373,41670,84000000,1990,2017-01-25,삼진,57,3
388374,41670,95000000,2008,2017-01-12,굿모닝타워,56,8
388375,41670,95000000,2008,2017-01-17,굿모닝타워,56,9
388376,41670,90000000,1997,2017-01-12,동남,59,1
388377,41670,59000000,2000,2017-01-12,현진에버빌-1,28,9
388378,41670,58000000,2000,2017-01-12,현진에버빌-1,28,16
388379,41670,60000000,2000,2017-01-12,현진에버빌-1,28,15
388380,41670,105000000,2000,2017-01-16,현진에버빌-1,49,16
388381,41670,105000000,1997,2017-01-23,동남,59,6
388382,41670,182000000,2001,2017-01-23,현진에버빌-2,70,5
388383,41670,70400000,1999,2017-01-10,세광리치타운(101동-108동),58,14
388384,41670,180000000,2016,2017-01-18,우찬셀레스아파트,57,6
388385,41670,180000000,2016,2017-01-23,우찬셀레스아파트,68,9
